Trans. ID,Date,Cus. ID,Gender,Age,Product,Quantity,Price/Unit,Revenue,Age Group
7,2023-03-13 00:00:00.000,"CUST007","Male",46,"Clothing",2,25,50,"45-54"
17,2023-04-22 00:00:00.000,"CUST017","Female",27,"Clothing",4,25,100,"25-34"
19,2023-09-16 00:00:00.000,"CUST019","Female",62,"Clothing",2,25,50,"55+"
41,2023-02-22 00:00:00.000,"CUST041","Male",34,"Clothing",2,25,50,"25-34"
44,2023-02-19 00:00:00.000,"CUST044","Female",22,"Clothing",1,25,25,"18-24"
64,2023-01-24 00:00:00.000,"CUST064","Male",49,"Clothing",4,25,100,"45-54"
103,2023-01-17 00:00:00.000,"CUST103","Female",59,"Clothing",1,25,25,"55+"
127,2023-07-24 00:00:00.000,"CUST127","Female",33,"Clothing",2,25,50,"25-34"
135,2023-02-26 00:00:00.000,"CUST135","Male",20,"Clothing",2,25,50,"18-24"
145,2023-11-02 00:00:00.000,"CUST145","Female",39,"Clothing",3,25,75,"35-44"
149,2023-10-11 00:00:00.000,"CUST149","Male",22,"Clothing",3,25,75,"18-24"
156,2023-11-25 00:00:00.000,"CUST156","Female",43,"Clothing",4,25,100,"35-44"
170,2023-06-02 00:00:00.000,"CUST170","Female",25,"Clothing",2,25,50,"25-34"
185,2023-02-27 00:00:00.000,"CUST185","Male",24,"Clothing",1,25,25,"18-24"
188,2023-05-03 00:00:00.000,"CUST188","Male",40,"Clothing",3,25,75,"35-44"
205,2023-11-07 00:00:00.000,"CUST205","Female",43,"Clothing",1,25,25,"35-44"
206,2023-08-05 00:00:00.000,"CUST206","Male",61,"Clothing",1,25,25,"55+"
223,2023-02-02 00:00:00.000,"CUST223","Female",64,"Clothing",1,25,25,"55+"
236,2023-04-28 00:00:00.000,"CUST236","Female",54,"Clothing",1,25,25,"45-54"
242,2023-05-02 00:00:00.000,"CUST242","Male",21,"Clothing",1,25,25,"18-24"
261,2023-08-05 00:00:00.000,"CUST261","Male",21,"Clothing",2,25,50,"18-24"
277,2023-08-18 00:00:00.000,"CUST277","Male",36,"Clothing",4,25,100,"35-44"
278,2023-03-13 00:00:00.000,"CUST278","Female",37,"Clothing",4,25,100,"35-44"
287,2023-02-20 00:00:00.000,"CUST287","Male",54,"Clothing",4,25,100,"45-54"
316,2023-04-22 00:00:00.000,"CUST316","Female",48,"Clothing",2,25,50,"45-54"
318,2023-10-24 00:00:00.000,"CUST318","Male",61,"Clothing",1,25,25,"55+"
326,2023-09-15 00:00:00.000,"CUST326","Female",18,"Clothing",3,25,75,"18-24"
360,2023-03-09 00:00:00.000,"CUST360","Male",42,"Clothing",4,25,100,"35-44"
362,2023-11-27 00:00:00.000,"CUST362","Male",50,"Clothing",1,25,25,"45-54"
379,2023-02-05 00:00:00.000,"CUST379","Female",47,"Clothing",1,25,25,"45-54"
381,2023-07-09 00:00:00.000,"CUST381","Female",44,"Clothing",4,25,100,"35-44"
389,2023-12-01 00:00:00.000,"CUST389","Male",21,"Clothing",2,25,50,"18-24"
423,2023-03-08 00:00:00.000,"CUST423","Female",27,"Clothing",1,25,25,"25-34"
439,2023-07-09 00:00:00.000,"CUST439","Male",50,"Clothing",3,25,75,"45-54"
442,2023-03-17 00:00:00.000,"CUST442","Female",60,"Clothing",4,25,100,"55+"
475,2023-01-20 00:00:00.000,"CUST475","Male",26,"Clothing",3,25,75,"25-34"
498,2023-06-19 00:00:00.000,"CUST498","Female",50,"Clothing",4,25,100,"45-54"
517,2023-04-08 00:00:00.000,"CUST517","Female",47,"Clothing",4,25,100,"45-54"
527,2023-04-11 00:00:00.000,"CUST527","Male",57,"Clothing",2,25,50,"55+"
545,2023-06-01 00:00:00.000,"CUST545","Male",27,"Clothing",2,25,50,"25-34"
558,2023-10-08 00:00:00.000,"CUST558","Female",41,"Clothing",1,25,25,"35-44"
585,2023-05-01 00:00:00.000,"CUST585","Female",24,"Clothing",1,25,25,"18-24"
607,2023-03-17 00:00:00.000,"CUST607","Male",54,"Clothing",3,25,75,"45-54"
615,2023-12-23 00:00:00.000,"CUST615","Female",61,"Clothing",4,25,100,"55+"
642,2023-05-22 00:00:00.000,"CUST642","Female",54,"Clothing",4,25,100,"45-54"
653,2023-05-20 00:00:00.000,"CUST653","Male",54,"Clothing",3,25,75,"45-54"
654,2023-06-21 00:00:00.000,"CUST654","Male",42,"Clothing",3,25,75,"35-44"
657,2023-02-11 00:00:00.000,"CUST657","Male",40,"Clothing",1,25,25,"35-44"
658,2023-03-12 00:00:00.000,"CUST658","Male",59,"Clothing",1,25,25,"55+"
661,2023-07-16 00:00:00.000,"CUST661","Female",44,"Clothing",4,25,100,"35-44"
688,2023-10-03 00:00:00.000,"CUST688","Male",56,"Clothing",4,25,100,"55+"
730,2023-08-04 00:00:00.000,"CUST730","Female",36,"Clothing",2,25,50,"35-44"
736,2023-01-27 00:00:00.000,"CUST736","Male",29,"Clothing",4,25,100,"25-34"
750,2023-03-06 00:00:00.000,"CUST750","Female",35,"Clothing",3,25,75,"35-44"
751,2023-08-31 00:00:00.000,"CUST751","Female",42,"Clothing",2,25,50,"35-44"
755,2023-04-22 00:00:00.000,"CUST755","Female",58,"Clothing",3,25,75,"55+"
758,2023-05-12 00:00:00.000,"CUST758","Male",64,"Clothing",4,25,100,"55+"
763,2023-02-28 00:00:00.000,"CUST763","Male",34,"Clothing",2,25,50,"25-34"
764,2023-03-25 00:00:00.000,"CUST764","Female",40,"Clothing",1,25,25,"35-44"
774,2023-04-12 00:00:00.000,"CUST774","Female",40,"Clothing",2,25,50,"35-44"
786,2023-10-17 00:00:00.000,"CUST786","Male",48,"Clothing",4,25,100,"45-54"
790,2023-08-08 00:00:00.000,"CUST790","Male",62,"Clothing",1,25,25,"55+"
797,2023-01-07 00:00:00.000,"CUST797","Male",40,"Clothing",3,25,75,"35-44"
803,2023-11-22 00:00:00.000,"CUST803","Male",39,"Clothing",4,25,100,"35-44"
815,2023-08-27 00:00:00.000,"CUST815","Female",51,"Clothing",3,25,75,"45-54"
840,2023-05-24 00:00:00.000,"CUST840","Male",62,"Clothing",2,25,50,"55+"
848,2023-02-13 00:00:00.000,"CUST848","Female",63,"Clothing",3,25,75,"55+"
849,2023-05-04 00:00:00.000,"CUST849","Male",32,"Clothing",2,25,50,"25-34"
877,2023-06-19 00:00:00.000,"CUST877","Female",58,"Clothing",1,25,25,"55+"
887,2023-06-11 00:00:00.000,"CUST887","Male",59,"Clothing",4,25,100,"55+"
941,2023-03-19 00:00:00.000,"CUST941","Female",57,"Clothing",2,25,50,"55+"
944,2023-06-05 00:00:00.000,"CUST944","Male",44,"Clothing",2,25,50,"35-44"
952,2023-11-13 00:00:00.000,"CUST952","Female",57,"Clothing",1,25,25,"55+"
955,2023-07-14 00:00:00.000,"CUST955","Male",58,"Clothing",1,25,25,"55+"
988,2023-05-28 00:00:00.000,"CUST988","Female",63,"Clothing",3,25,75,"55+"
10,2023-10-07 00:00:00.000,"CUST010","Female",52,"Clothing",4,50,200,"45-54"
11,2023-02-14 00:00:00.000,"CUST011","Male",23,"Clothing",2,50,100,"18-24"
22,2023-10-15 00:00:00.000,"CUST022","Male",18,"Clothing",2,50,100,"18-24"
34,2023-12-24 00:00:00.000,"CUST034","Female",51,"Clothing",3,50,150,"45-54"
59,2023-07-05 00:00:00.000,"CUST059","Male",62,"Clothing",1,50,50,"55+"
77,2023-07-09 00:00:00.000,"CUST077","Female",47,"Clothing",2,50,100,"45-54"
85,2023-02-06 00:00:00.000,"CUST085","Male",31,"Clothing",3,50,150,"25-34"
106,2023-05-18 00:00:00.000,"CUST106","Female",46,"Clothing",1,50,50,"45-54"
119,2023-03-13 00:00:00.000,"CUST119","Female",60,"Clothing",3,50,150,"55+"
125,2023-08-08 00:00:00.000,"CUST125","Male",48,"Clothing",2,50,100,"45-54"
138,2023-03-23 00:00:00.000,"CUST138","Male",49,"Clothing",4,50,200,"45-54"
143,2023-07-17 00:00:00.000,"CUST143","Female",45,"Clothing",1,50,50,"45-54"
146,2023-08-28 00:00:00.000,"CUST146","Male",38,"Clothing",4,50,200,"35-44"
151,2023-12-15 00:00:00.000,"CUST151","Male",29,"Clothing",1,50,50,"25-34"
159,2023-05-31 00:00:00.000,"CUST159","Male",26,"Clothing",4,50,200,"25-34"
160,2023-08-11 00:00:00.000,"CUST160","Female",43,"Clothing",2,50,100,"35-44"
163,2023-01-02 00:00:00.000,"CUST163","Female",64,"Clothing",3,50,150,"55+"
167,2023-09-17 00:00:00.000,"CUST167","Female",43,"Clothing",3,50,150,"35-44"
186,2023-07-05 00:00:00.000,"CUST186","Male",20,"Clothing",4,50,200,"18-24"
187,2023-06-07 00:00:00.000,"CUST187","Female",64,"Clothing",2,50,100,"55+"
194,2023-09-06 00:00:00.000,"CUST194","Male",55,"Clothing",4,50,200,"55+"
197,2023-03-06 00:00:00.000,"CUST197","Female",42,"Clothing",4,50,200,"35-44"
224,2023-06-23 00:00:00.000,"CUST224","Female",25,"Clothing",1,50,50,"25-34"
226,2023-10-29 00:00:00.000,"CUST226","Female",61,"Clothing",1,50,50,"55+"
231,2023-01-04 00:00:00.000,"CUST231","Female",23,"Clothing",3,50,150,"18-24"
249,2023-10-20 00:00:00.000,"CUST249","Male",20,"Clothing",1,50,50,"18-24"
258,2023-12-04 00:00:00.000,"CUST258","Female",37,"Clothing",1,50,50,"35-44"
259,2023-08-09 00:00:00.000,"CUST259","Female",45,"Clothing",4,50,200,"45-54"
284,2023-02-08 00:00:00.000,"CUST284","Male",43,"Clothing",4,50,200,"35-44"
341,2023-05-07 00:00:00.000,"CUST341","Male",31,"Clothing",4,50,200,"25-34"
359,2023-07-22 00:00:00.000,"CUST359","Male",50,"Clothing",1,50,50,"45-54"
366,2023-02-07 00:00:00.000,"CUST366","Male",57,"Clothing",2,50,100,"55+"
375,2023-09-17 00:00:00.000,"CUST375","Male",32,"Clothing",1,50,50,"25-34"
377,2023-03-09 00:00:00.000,"CUST377","Female",46,"Clothing",4,50,200,"45-54"
400,2023-02-24 00:00:00.000,"CUST400","Male",53,"Clothing",4,50,200,"45-54"
410,2023-11-21 00:00:00.000,"CUST410","Female",29,"Clothing",2,50,100,"25-34"
471,2023-03-23 00:00:00.000,"CUST471","Male",32,"Clothing",3,50,150,"25-34"
490,2023-02-05 00:00:00.000,"CUST490","Male",34,"Clothing",3,50,150,"25-34"
526,2023-12-10 00:00:00.000,"CUST526","Male",33,"Clothing",2,50,100,"25-34"
529,2023-08-09 00:00:00.000,"CUST529","Female",35,"Clothing",3,50,150,"35-44"
538,2023-09-17 00:00:00.000,"CUST538","Male",18,"Clothing",3,50,150,"18-24"
575,2023-03-28 00:00:00.000,"CUST575","Male",60,"Clothing",2,50,100,"55+"
609,2023-12-19 00:00:00.000,"CUST609","Female",47,"Clothing",2,50,100,"45-54"
616,2023-09-23 00:00:00.000,"CUST616","Male",41,"Clothing",2,50,100,"35-44"
623,2023-03-10 00:00:00.000,"CUST623","Male",34,"Clothing",3,50,150,"25-34"
627,2023-10-14 00:00:00.000,"CUST627","Male",57,"Clothing",1,50,50,"55+"
630,2023-08-15 00:00:00.000,"CUST630","Male",42,"Clothing",2,50,100,"35-44"
651,2023-05-27 00:00:00.000,"CUST651","Male",51,"Clothing",3,50,150,"45-54"
665,2023-04-20 00:00:00.000,"CUST665","Male",57,"Clothing",1,50,50,"55+"
692,2023-09-07 00:00:00.000,"CUST692","Female",64,"Clothing",2,50,100,"55+"
696,2023-09-06 00:00:00.000,"CUST696","Female",50,"Clothing",4,50,200,"45-54"
724,2023-04-19 00:00:00.000,"CUST724","Male",61,"Clothing",3,50,150,"55+"
737,2023-06-29 00:00:00.000,"CUST737","Female",33,"Clothing",1,50,50,"25-34"
738,2023-04-25 00:00:00.000,"CUST738","Male",41,"Clothing",2,50,100,"35-44"
748,2023-03-20 00:00:00.000,"CUST748","Male",25,"Clothing",3,50,150,"25-34"
752,2023-12-09 00:00:00.000,"CUST752","Male",29,"Clothing",2,50,100,"25-34"
765,2023-06-09 00:00:00.000,"CUST765","Male",43,"Clothing",4,50,200,"35-44"
770,2023-10-22 00:00:00.000,"CUST770","Male",32,"Clothing",1,50,50,"25-34"
798,2023-08-04 00:00:00.000,"CUST798","Male",61,"Clothing",1,50,50,"55+"
801,2023-08-10 00:00:00.000,"CUST801","Male",21,"Clothing",4,50,200,"18-24"
830,2023-06-22 00:00:00.000,"CUST830","Female",64,"Clothing",3,50,150,"55+"
835,2023-09-07 00:00:00.000,"CUST835","Male",37,"Clothing",4,50,200,"35-44"
836,2023-04-19 00:00:00.000,"CUST836","Female",22,"Clothing",1,50,50,"18-24"
844,2023-10-12 00:00:00.000,"CUST844","Male",35,"Clothing",3,50,150,"35-44"
854,2023-12-20 00:00:00.000,"CUST854","Male",29,"Clothing",1,50,50,"25-34"
860,2023-01-09 00:00:00.000,"CUST860","Male",63,"Clothing",4,50,200,"55+"
906,2023-06-04 00:00:00.000,"CUST906","Female",20,"Clothing",1,50,50,"18-24"
930,2023-05-10 00:00:00.000,"CUST930","Male",54,"Clothing",4,50,200,"45-54"
938,2023-11-19 00:00:00.000,"CUST938","Male",49,"Clothing",4,50,200,"45-54"
965,2023-11-09 00:00:00.000,"CUST965","Male",22,"Clothing",4,50,200,"18-24"
973,2023-03-22 00:00:00.000,"CUST973","Male",60,"Clothing",1,50,50,"55+"
975,2023-03-30 00:00:00.000,"CUST975","Female",56,"Clothing",4,50,200,"55+"
978,2023-03-22 00:00:00.000,"CUST978","Female",53,"Clothing",3,50,150,"45-54"
991,2023-12-26 00:00:00.000,"CUST991","Female",34,"Clothing",2,50,100,"25-34"
996,2023-05-16 00:00:00.000,"CUST996","Male",62,"Clothing",1,50,50,"55+"
20,2023-11-05 00:00:00.000,"CUST020","Male",22,"Clothing",3,300,900,"18-24"
24,2023-11-29 00:00:00.000,"CUST024","Female",49,"Clothing",1,300,300,"45-54"
42,2023-02-17 00:00:00.000,"CUST042","Male",22,"Clothing",3,300,900,"18-24"
43,2023-07-14 00:00:00.000,"CUST043","Female",48,"Clothing",1,300,300,"45-54"
56,2023-05-31 00:00:00.000,"CUST056","Female",26,"Clothing",3,300,900,"25-34"
58,2023-11-13 00:00:00.000,"CUST058","Male",18,"Clothing",4,300,1200,"18-24"
70,2023-02-21 00:00:00.000,"CUST070","Female",43,"Clothing",1,300,300,"35-44"
96,2023-12-19 00:00:00.000,"CUST096","Female",44,"Clothing",2,300,600,"35-44"
101,2023-01-29 00:00:00.000,"CUST101","Male",32,"Clothing",2,300,600,"25-34"
107,2023-02-03 00:00:00.000,"CUST107","Female",21,"Clothing",4,300,1200,"18-24"
110,2023-06-11 00:00:00.000,"CUST110","Male",27,"Clothing",3,300,900,"25-34"
165,2023-09-14 00:00:00.000,"CUST165","Female",60,"Clothing",4,300,1200,"55+"
168,2023-02-24 00:00:00.000,"CUST168","Male",53,"Clothing",1,300,300,"45-54"
171,2023-11-24 00:00:00.000,"CUST171","Female",52,"Clothing",3,300,900,"45-54"
180,2023-01-01 00:00:00.000,"CUST180","Male",41,"Clothing",3,300,900,"35-44"
196,2023-09-30 00:00:00.000,"CUST196","Female",32,"Clothing",3,300,900,"25-34"
202,2023-03-26 00:00:00.000,"CUST202","Female",34,"Clothing",4,300,1200,"25-34"
248,2023-03-09 00:00:00.000,"CUST248","Male",26,"Clothing",3,300,900,"25-34"
264,2023-01-28 00:00:00.000,"CUST264","Male",47,"Clothing",3,300,900,"45-54"
265,2023-12-11 00:00:00.000,"CUST265","Male",55,"Clothing",3,300,900,"55+"
291,2023-01-08 00:00:00.000,"CUST291","Male",60,"Clothing",2,300,600,"55+"
296,2023-09-06 00:00:00.000,"CUST296","Female",22,"Clothing",4,300,1200,"18-24"
340,2023-10-19 00:00:00.000,"CUST340","Female",36,"Clothing",4,300,1200,"35-44"
365,2023-06-11 00:00:00.000,"CUST365","Male",31,"Clothing",1,300,300,"25-34"
368,2023-08-23 00:00:00.000,"CUST368","Female",56,"Clothing",4,300,1200,"55+"
392,2023-12-08 00:00:00.000,"CUST392","Male",27,"Clothing",2,300,600,"25-34"
398,2023-05-16 00:00:00.000,"CUST398","Female",48,"Clothing",2,300,600,"45-54"
401,2023-10-11 00:00:00.000,"CUST401","Female",62,"Clothing",1,300,300,"55+"
402,2023-03-21 00:00:00.000,"CUST402","Female",41,"Clothing",2,300,600,"35-44"
403,2023-05-20 00:00:00.000,"CUST403","Male",32,"Clothing",2,300,600,"25-34"
405,2023-11-06 00:00:00.000,"CUST405","Female",25,"Clothing",4,300,1200,"25-34"
440,2023-10-26 00:00:00.000,"CUST440","Male",64,"Clothing",2,300,600,"55+"
443,2023-08-09 00:00:00.000,"CUST443","Male",29,"Clothing",2,300,600,"25-34"
459,2023-03-21 00:00:00.000,"CUST459","Male",28,"Clothing",4,300,1200,"25-34"
482,2023-04-27 00:00:00.000,"CUST482","Female",28,"Clothing",4,300,1200,"25-34"
484,2023-01-13 00:00:00.000,"CUST484","Female",19,"Clothing",4,300,1200,"18-24"
496,2023-12-14 00:00:00.000,"CUST496","Male",23,"Clothing",2,300,600,"18-24"
515,2023-07-17 00:00:00.000,"CUST515","Female",49,"Clothing",3,300,900,"45-54"
550,2023-12-07 00:00:00.000,"CUST550","Male",40,"Clothing",3,300,900,"35-44"
553,2023-03-31 00:00:00.000,"CUST553","Male",24,"Clothing",4,300,1200,"18-24"
559,2023-01-01 00:00:00.000,"CUST559","Female",40,"Clothing",4,300,1200,"35-44"
567,2023-06-14 00:00:00.000,"CUST567","Female",25,"Clothing",3,300,900,"25-34"
582,2023-11-14 00:00:00.000,"CUST582","Male",35,"Clothing",3,300,900,"35-44"
590,2023-03-17 00:00:00.000,"CUST590","Male",36,"Clothing",3,300,900,"35-44"
625,2023-12-08 00:00:00.000,"CUST625","Male",31,"Clothing",1,300,300,"25-34"
637,2023-09-01 00:00:00.000,"CUST637","Male",43,"Clothing",2,300,600,"35-44"
649,2023-02-09 00:00:00.000,"CUST649","Female",58,"Clothing",2,300,600,"55+"
663,2023-03-20 00:00:00.000,"CUST663","Male",23,"Clothing",4,300,1200,"18-24"
674,2023-04-16 00:00:00.000,"CUST674","Female",38,"Clothing",1,300,300,"35-44"
680,2023-10-22 00:00:00.000,"CUST680","Female",53,"Clothing",3,300,900,"45-54"
690,2023-11-05 00:00:00.000,"CUST690","Female",52,"Clothing",3,300,900,"45-54"
702,2023-07-27 00:00:00.000,"CUST702","Female",60,"Clothing",2,300,600,"55+"
716,2023-08-08 00:00:00.000,"CUST716","Female",60,"Clothing",4,300,1200,"55+"
726,2023-06-17 00:00:00.000,"CUST726","Male",47,"Clothing",4,300,1200,"45-54"
729,2023-05-23 00:00:00.000,"CUST729","Male",29,"Clothing",4,300,1200,"25-34"
741,2023-11-30 00:00:00.000,"CUST741","Male",48,"Clothing",1,300,300,"45-54"
782,2023-06-04 00:00:00.000,"CUST782","Male",59,"Clothing",3,300,900,"55+"
783,2023-12-17 00:00:00.000,"CUST783","Female",56,"Clothing",1,300,300,"55+"
800,2023-02-24 00:00:00.000,"CUST800","Male",32,"Clothing",4,300,1200,"25-34"
826,2023-10-19 00:00:00.000,"CUST826","Female",46,"Clothing",1,300,300,"45-54"
842,2023-12-26 00:00:00.000,"CUST842","Female",47,"Clothing",2,300,600,"45-54"
852,2023-10-12 00:00:00.000,"CUST852","Female",41,"Clothing",1,300,300,"35-44"
865,2023-12-21 00:00:00.000,"CUST865","Female",42,"Clothing",1,300,300,"35-44"
899,2023-05-25 00:00:00.000,"CUST899","Male",26,"Clothing",2,300,600,"25-34"
928,2023-04-05 00:00:00.000,"CUST928","Female",35,"Clothing",4,300,1200,"35-44"
943,2023-10-16 00:00:00.000,"CUST943","Female",57,"Clothing",4,300,1200,"55+"
950,2023-11-07 00:00:00.000,"CUST950","Male",36,"Clothing",3,300,900,"35-44"
964,2023-01-31 00:00:00.000,"CUST964","Male",24,"Clothing",3,300,900,"18-24"
968,2023-11-17 00:00:00.000,"CUST968","Female",48,"Clothing",3,300,900,"45-54"
969,2023-04-19 00:00:00.000,"CUST969","Female",40,"Clothing",3,300,900,"35-44"
983,2023-11-01 00:00:00.000,"CUST983","Female",29,"Clothing",1,300,300,"25-34"
987,2023-04-29 00:00:00.000,"CUST987","Female",30,"Clothing",3,300,900,"25-34"
14,2023-01-17 00:00:00.000,"CUST014","Male",64,"Clothing",4,30,120,"55+"
23,2023-04-12 00:00:00.000,"CUST023","Female",35,"Clothing",4,30,120,"35-44"
39,2023-04-21 00:00:00.000,"CUST039","Male",23,"Clothing",4,30,120,"18-24"
80,2023-12-10 00:00:00.000,"CUST080","Female",64,"Clothing",2,30,60,"55+"
95,2023-11-24 00:00:00.000,"CUST095","Female",32,"Clothing",2,30,60,"25-34"
116,2023-08-23 00:00:00.000,"CUST116","Female",23,"Clothing",1,30,30,"18-24"
126,2023-10-26 00:00:00.000,"CUST126","Female",28,"Clothing",3,30,90,"25-34"
148,2023-05-09 00:00:00.000,"CUST148","Male",18,"Clothing",2,30,60,"18-24"
162,2023-08-21 00:00:00.000,"CUST162","Male",39,"Clothing",2,30,60,"35-44"
178,2023-10-04 00:00:00.000,"CUST178","Male",40,"Clothing",2,30,60,"35-44"
195,2023-02-05 00:00:00.000,"CUST195","Male",52,"Clothing",1,30,30,"45-54"
222,2023-04-26 00:00:00.000,"CUST222","Male",51,"Clothing",4,30,120,"45-54"
245,2023-09-06 00:00:00.000,"CUST245","Male",47,"Clothing",3,30,90,"45-54"
255,2023-04-08 00:00:00.000,"CUST255","Male",48,"Clothing",1,30,30,"45-54"
288,2023-01-26 00:00:00.000,"CUST288","Male",28,"Clothing",4,30,120,"25-34"
294,2023-03-27 00:00:00.000,"CUST294","Female",23,"Clothing",3,30,90,"18-24"
301,2023-03-26 00:00:00.000,"CUST301","Male",30,"Clothing",4,30,120,"25-34"
312,2023-09-07 00:00:00.000,"CUST312","Male",41,"Clothing",4,30,120,"35-44"
314,2023-04-08 00:00:00.000,"CUST314","Male",52,"Clothing",4,30,120,"45-54"
315,2023-06-01 00:00:00.000,"CUST315","Male",47,"Clothing",2,30,60,"45-54"
351,2023-09-25 00:00:00.000,"CUST351","Female",56,"Clothing",3,30,90,"55+"
415,2023-01-27 00:00:00.000,"CUST415","Male",53,"Clothing",2,30,60,"45-54"
419,2023-05-22 00:00:00.000,"CUST419","Female",44,"Clothing",3,30,90,"35-44"
422,2023-06-20 00:00:00.000,"CUST422","Female",28,"Clothing",3,30,90,"25-34"
436,2023-03-18 00:00:00.000,"CUST436","Female",57,"Clothing",4,30,120,"55+"
438,2023-01-19 00:00:00.000,"CUST438","Female",42,"Clothing",1,30,30,"35-44"
444,2023-03-07 00:00:00.000,"CUST444","Female",61,"Clothing",3,30,90,"55+"
477,2023-04-24 00:00:00.000,"CUST477","Male",43,"Clothing",4,30,120,"35-44"
478,2023-04-13 00:00:00.000,"CUST478","Female",58,"Clothing",2,30,60,"55+"
483,2023-04-25 00:00:00.000,"CUST483","Male",55,"Clothing",1,30,30,"55+"
497,2023-10-02 00:00:00.000,"CUST497","Male",41,"Clothing",4,30,120,"35-44"
518,2023-05-11 00:00:00.000,"CUST518","Female",40,"Clothing",1,30,30,"35-44"
521,2023-08-12 00:00:00.000,"CUST521","Female",47,"Clothing",4,30,120,"45-54"
528,2023-07-06 00:00:00.000,"CUST528","Female",36,"Clothing",2,30,60,"35-44"
532,2023-06-19 00:00:00.000,"CUST532","Female",64,"Clothing",4,30,120,"55+"
548,2023-04-09 00:00:00.000,"CUST548","Female",51,"Clothing",2,30,60,"45-54"
563,2023-08-09 00:00:00.000,"CUST563","Male",20,"Clothing",2,30,60,"18-24"
566,2023-12-02 00:00:00.000,"CUST566","Female",64,"Clothing",1,30,30,"55+"
578,2023-05-26 00:00:00.000,"CUST578","Female",54,"Clothing",4,30,120,"45-54"
601,2023-04-10 00:00:00.000,"CUST601","Male",19,"Clothing",1,30,30,"18-24"
603,2023-07-16 00:00:00.000,"CUST603","Female",40,"Clothing",3,30,90,"35-44"
613,2023-04-23 00:00:00.000,"CUST613","Female",52,"Clothing",3,30,90,"45-54"
646,2023-05-03 00:00:00.000,"CUST646","Male",38,"Clothing",3,30,90,"35-44"
675,2023-08-04 00:00:00.000,"CUST675","Female",45,"Clothing",2,30,60,"45-54"
691,2023-04-23 00:00:00.000,"CUST691","Female",51,"Clothing",3,30,90,"45-54"
699,2023-06-22 00:00:00.000,"CUST699","Female",37,"Clothing",4,30,120,"35-44"
704,2023-08-28 00:00:00.000,"CUST704","Female",62,"Clothing",3,30,90,"55+"
719,2023-04-04 00:00:00.000,"CUST719","Female",42,"Clothing",2,30,60,"35-44"
734,2023-01-10 00:00:00.000,"CUST734","Female",27,"Clothing",1,30,30,"25-34"
746,2023-01-11 00:00:00.000,"CUST746","Female",33,"Clothing",3,30,90,"25-34"
753,2023-02-28 00:00:00.000,"CUST753","Female",32,"Clothing",1,30,30,"25-34"
776,2023-10-31 00:00:00.000,"CUST776","Male",35,"Clothing",3,30,90,"35-44"
824,2023-05-05 00:00:00.000,"CUST824","Male",63,"Clothing",4,30,120,"55+"
861,2023-02-17 00:00:00.000,"CUST861","Female",41,"Clothing",3,30,90,"35-44"
876,2023-10-09 00:00:00.000,"CUST876","Male",43,"Clothing",4,30,120,"35-44"
878,2023-06-30 00:00:00.000,"CUST878","Female",20,"Clothing",1,30,30,"18-24"
879,2023-12-26 00:00:00.000,"CUST879","Male",23,"Clothing",1,30,30,"18-24"
884,2023-04-29 00:00:00.000,"CUST884","Female",26,"Clothing",2,30,60,"25-34"
885,2023-03-03 00:00:00.000,"CUST885","Female",52,"Clothing",4,30,120,"45-54"
895,2023-05-22 00:00:00.000,"CUST895","Female",55,"Clothing",4,30,120,"55+"
898,2023-11-02 00:00:00.000,"CUST898","Female",42,"Clothing",3,30,90,"35-44"
900,2023-02-21 00:00:00.000,"CUST900","Male",21,"Clothing",2,30,60,"18-24"
960,2023-08-08 00:00:00.000,"CUST960","Male",59,"Clothing",2,30,60,"55+"
962,2023-10-19 00:00:00.000,"CUST962","Male",44,"Clothing",2,30,60,"35-44"
995,2023-04-30 00:00:00.000,"CUST995","Female",41,"Clothing",1,30,30,"35-44"
2,2023-02-27 00:00:00.000,"CUST002","Female",26,"Clothing",2,500,1000,"25-34"
4,2023-05-21 00:00:00.000,"CUST004","Male",37,"Clothing",1,500,500,"35-44"
16,2023-02-17 00:00:00.000,"CUST016","Male",19,"Clothing",3,500,1500,"18-24"
78,2023-07-01 00:00:00.000,"CUST078","Female",47,"Clothing",3,500,1500,"45-54"
88,2023-03-29 00:00:00.000,"CUST088","Male",56,"Clothing",1,500,500,"55+"
112,2023-12-02 00:00:00.000,"CUST112","Male",37,"Clothing",3,500,1500,"35-44"
115,2023-11-26 00:00:00.000,"CUST115","Male",51,"Clothing",3,500,1500,"45-54"
124,2023-10-27 00:00:00.000,"CUST124","Male",33,"Clothing",4,500,2000,"25-34"
130,2023-03-12 00:00:00.000,"CUST130","Female",57,"Clothing",1,500,500,"55+"
166,2023-04-02 00:00:00.000,"CUST166","Male",34,"Clothing",4,500,2000,"25-34"
203,2023-05-16 00:00:00.000,"CUST203","Male",56,"Clothing",2,500,1000,"55+"
212,2023-06-09 00:00:00.000,"CUST212","Male",21,"Clothing",3,500,1500,"18-24"
215,2023-11-29 00:00:00.000,"CUST215","Male",58,"Clothing",3,500,1500,"55+"
253,2023-08-31 00:00:00.000,"CUST253","Female",53,"Clothing",4,500,2000,"45-54"
256,2023-02-18 00:00:00.000,"CUST256","Male",23,"Clothing",2,500,1000,"18-24"
269,2023-02-01 00:00:00.000,"CUST269","Male",25,"Clothing",4,500,2000,"25-34"
274,2023-04-09 00:00:00.000,"CUST274","Female",23,"Clothing",2,500,1000,"18-24"
275,2023-04-08 00:00:00.000,"CUST275","Male",43,"Clothing",2,500,1000,"35-44"
279,2023-08-05 00:00:00.000,"CUST279","Male",50,"Clothing",1,500,500,"45-54"
280,2023-04-04 00:00:00.000,"CUST280","Female",37,"Clothing",3,500,1500,"35-44"
319,2023-10-05 00:00:00.000,"CUST319","Male",31,"Clothing",1,500,500,"25-34"
337,2023-05-01 00:00:00.000,"CUST337","Male",38,"Clothing",1,500,500,"35-44"
342,2023-10-24 00:00:00.000,"CUST342","Female",43,"Clothing",4,500,2000,"35-44"
346,2023-02-11 00:00:00.000,"CUST346","Male",59,"Clothing",2,500,1000,"55+"
382,2023-05-26 00:00:00.000,"CUST382","Female",53,"Clothing",2,500,1000,"45-54"
384,2023-08-13 00:00:00.000,"CUST384","Male",55,"Clothing",1,500,500,"55+"
394,2023-06-03 00:00:00.000,"CUST394","Female",27,"Clothing",1,500,500,"25-34"
420,2023-01-23 00:00:00.000,"CUST420","Female",22,"Clothing",4,500,2000,"18-24"
421,2023-01-02 00:00:00.000,"CUST421","Female",37,"Clothing",3,500,1500,"35-44"
452,2023-05-08 00:00:00.000,"CUST452","Female",48,"Clothing",3,500,1500,"45-54"
453,2023-12-08 00:00:00.000,"CUST453","Female",26,"Clothing",2,500,1000,"25-34"
470,2023-05-17 00:00:00.000,"CUST470","Female",57,"Clothing",2,500,1000,"55+"
474,2023-07-15 00:00:00.000,"CUST474","Female",26,"Clothing",3,500,1500,"25-34"
476,2023-08-29 00:00:00.000,"CUST476","Female",27,"Clothing",4,500,2000,"25-34"
487,2023-07-24 00:00:00.000,"CUST487","Male",44,"Clothing",4,500,2000,"35-44"
534,2023-06-10 00:00:00.000,"CUST534","Male",45,"Clothing",2,500,1000,"45-54"
547,2023-03-07 00:00:00.000,"CUST547","Male",63,"Clothing",4,500,2000,"55+"
561,2023-05-27 00:00:00.000,"CUST561","Female",64,"Clothing",4,500,2000,"55+"
570,2023-08-15 00:00:00.000,"CUST570","Male",49,"Clothing",1,500,500,"45-54"
572,2023-04-20 00:00:00.000,"CUST572","Male",31,"Clothing",4,500,2000,"25-34"
580,2023-12-06 00:00:00.000,"CUST580","Female",31,"Clothing",3,500,1500,"25-34"
595,2023-11-09 00:00:00.000,"CUST595","Female",18,"Clothing",4,500,2000,"18-24"
626,2023-09-29 00:00:00.000,"CUST626","Female",26,"Clothing",4,500,2000,"25-34"
647,2023-05-21 00:00:00.000,"CUST647","Male",59,"Clothing",3,500,1500,"55+"
655,2023-06-13 00:00:00.000,"CUST655","Female",55,"Clothing",1,500,500,"55+"
664,2023-12-28 00:00:00.000,"CUST664","Female",44,"Clothing",4,500,2000,"35-44"
673,2023-02-01 00:00:00.000,"CUST673","Female",43,"Clothing",3,500,1500,"35-44"
684,2023-06-30 00:00:00.000,"CUST684","Female",28,"Clothing",2,500,1000,"25-34"
697,2023-01-15 00:00:00.000,"CUST697","Male",53,"Clothing",1,500,500,"45-54"
707,2023-10-01 00:00:00.000,"CUST707","Female",26,"Clothing",1,500,500,"25-34"
714,2023-02-12 00:00:00.000,"CUST714","Female",18,"Clothing",1,500,500,"18-24"
717,2023-03-11 00:00:00.000,"CUST717","Male",57,"Clothing",1,500,500,"55+"
721,2023-05-14 00:00:00.000,"CUST721","Female",52,"Clothing",1,500,500,"45-54"
731,2023-05-10 00:00:00.000,"CUST731","Male",54,"Clothing",4,500,2000,"45-54"
735,2023-10-04 00:00:00.000,"CUST735","Female",64,"Clothing",4,500,2000,"55+"
761,2023-11-07 00:00:00.000,"CUST761","Female",33,"Clothing",1,500,500,"25-34"
789,2023-09-30 00:00:00.000,"CUST789","Female",61,"Clothing",4,500,2000,"55+"
814,2023-09-05 00:00:00.000,"CUST814","Female",59,"Clothing",1,500,500,"55+"
845,2023-01-06 00:00:00.000,"CUST845","Male",54,"Clothing",1,500,500,"45-54"
904,2023-07-04 00:00:00.000,"CUST904","Male",28,"Clothing",1,500,500,"25-34"
942,2023-03-18 00:00:00.000,"CUST942","Male",51,"Clothing",3,500,1500,"45-54"
956,2023-08-19 00:00:00.000,"CUST956","Male",30,"Clothing",3,500,1500,"25-34"
984,2023-08-29 00:00:00.000,"CUST984","Male",56,"Clothing",1,500,500,"55+"
986,2023-01-17 00:00:00.000,"CUST986","Female",49,"Clothing",2,500,1000,"45-54"
3,2023-01-13 00:00:00.000,"CUST003","Male",50,"Electronics",1,30,30,"45-54"
8,2023-02-22 00:00:00.000,"CUST008","Male",30,"Electronics",4,25,100,"25-34"
9,2023-12-13 00:00:00.000,"CUST009","Male",63,"Electronics",2,300,600,"55+"
13,2023-08-05 00:00:00.000,"CUST013","Male",22,"Electronics",3,500,1500,"18-24"
15,2023-01-16 00:00:00.000,"CUST015","Female",42,"Electronics",4,500,2000,"35-44"
18,2023-04-30 00:00:00.000,"CUST018","Female",47,"Electronics",2,25,50,"45-54"
26,2023-10-07 00:00:00.000,"CUST026","Female",28,"Electronics",2,500,1000,"25-34"
29,2023-08-18 00:00:00.000,"CUST029","Female",42,"Electronics",1,30,30,"35-44"
31,2023-05-23 00:00:00.000,"CUST031","Male",44,"Electronics",4,300,1200,"35-44"
33,2023-03-23 00:00:00.000,"CUST033","Female",50,"Electronics",2,50,100,"45-54"
45,2023-07-03 00:00:00.000,"CUST045","Female",55,"Electronics",1,30,30,"55+"
46,2023-06-26 00:00:00.000,"CUST046","Female",20,"Electronics",4,300,1200,"18-24"
48,2023-05-16 00:00:00.000,"CUST048","Male",54,"Electronics",3,300,900,"45-54"
49,2023-01-23 00:00:00.000,"CUST049","Female",54,"Electronics",2,500,1000,"45-54"
53,2023-07-13 00:00:00.000,"CUST053","Male",34,"Electronics",2,50,100,"25-34"
54,2023-02-10 00:00:00.000,"CUST054","Female",38,"Electronics",3,500,1500,"35-44"
63,2023-02-05 00:00:00.000,"CUST063","Male",57,"Electronics",2,25,50,"55+"
65,2023-12-05 00:00:00.000,"CUST065","Male",51,"Electronics",4,500,2000,"45-54"
66,2023-04-27 00:00:00.000,"CUST066","Female",45,"Electronics",1,30,30,"45-54"
68,2023-02-10 00:00:00.000,"CUST068","Male",25,"Electronics",1,300,300,"25-34"
72,2023-05-23 00:00:00.000,"CUST072","Female",20,"Electronics",4,500,2000,"18-24"
73,2023-08-21 00:00:00.000,"CUST073","Male",29,"Electronics",3,30,90,"25-34"
76,2023-03-25 00:00:00.000,"CUST076","Female",22,"Electronics",2,50,100,"18-24"
81,2023-05-17 00:00:00.000,"CUST081","Male",40,"Electronics",1,50,50,"35-44"
83,2023-12-16 00:00:00.000,"CUST083","Male",54,"Electronics",2,50,100,"45-54"
84,2023-11-28 00:00:00.000,"CUST084","Female",38,"Electronics",3,30,90,"35-44"
89,2023-10-01 00:00:00.000,"CUST089","Female",55,"Electronics",4,500,2000,"55+"
90,2023-05-06 00:00:00.000,"CUST090","Female",51,"Electronics",1,30,30,"45-54"
91,2023-03-25 00:00:00.000,"CUST091","Female",55,"Electronics",1,500,500,"55+"
92,2023-08-25 00:00:00.000,"CUST092","Female",51,"Electronics",4,30,120,"45-54"
99,2023-12-17 00:00:00.000,"CUST099","Female",50,"Electronics",4,300,1200,"45-54"
100,2023-06-16 00:00:00.000,"CUST100","Male",41,"Electronics",1,30,30,"35-44"
105,2023-07-25 00:00:00.000,"CUST105","Female",22,"Electronics",1,500,500,"18-24"
109,2023-10-18 00:00:00.000,"CUST109","Female",34,"Electronics",4,500,2000,"25-34"
111,2023-04-19 00:00:00.000,"CUST111","Female",34,"Electronics",3,500,1500,"25-34"
113,2023-09-13 00:00:00.000,"CUST113","Female",41,"Electronics",2,25,50,"35-44"
117,2023-03-15 00:00:00.000,"CUST117","Male",19,"Electronics",2,500,1000,"18-24"
118,2023-05-16 00:00:00.000,"CUST118","Female",30,"Electronics",4,500,2000,"25-34"
121,2023-10-15 00:00:00.000,"CUST121","Female",28,"Electronics",4,50,200,"25-34"
122,2023-10-03 00:00:00.000,"CUST122","Male",64,"Electronics",4,30,120,"55+"
123,2023-05-15 00:00:00.000,"CUST123","Female",40,"Electronics",2,30,60,"35-44"
132,2023-09-10 00:00:00.000,"CUST132","Male",42,"Electronics",4,50,200,"35-44"
133,2023-02-16 00:00:00.000,"CUST133","Male",20,"Electronics",3,300,900,"18-24"
134,2023-01-25 00:00:00.000,"CUST134","Male",49,"Electronics",1,50,50,"45-54"
136,2023-03-20 00:00:00.000,"CUST136","Male",44,"Electronics",2,300,600,"35-44"
140,2023-08-05 00:00:00.000,"CUST140","Male",38,"Electronics",1,30,30,"35-44"
141,2023-11-02 00:00:00.000,"CUST141","Female",22,"Electronics",1,50,50,"18-24"
142,2023-02-02 00:00:00.000,"CUST142","Male",35,"Electronics",4,300,1200,"35-44"
147,2023-09-28 00:00:00.000,"CUST147","Male",23,"Electronics",1,300,300,"18-24"
150,2023-01-06 00:00:00.000,"CUST150","Female",58,"Electronics",4,30,120,"55+"
152,2023-02-28 00:00:00.000,"CUST152","Male",43,"Electronics",4,500,2000,"35-44"
153,2023-12-16 00:00:00.000,"CUST153","Male",63,"Electronics",2,500,1000,"55+"
154,2023-10-02 00:00:00.000,"CUST154","Male",51,"Electronics",3,300,900,"45-54"
155,2023-05-17 00:00:00.000,"CUST155","Male",31,"Electronics",4,500,2000,"25-34"
157,2023-06-24 00:00:00.000,"CUST157","Male",62,"Electronics",4,500,2000,"55+"
158,2023-02-27 00:00:00.000,"CUST158","Female",44,"Electronics",2,300,600,"35-44"
173,2023-11-08 00:00:00.000,"CUST173","Male",64,"Electronics",4,30,120,"55+"
175,2023-03-20 00:00:00.000,"CUST175","Female",31,"Electronics",4,25,100,"25-34"
179,2023-09-29 00:00:00.000,"CUST179","Male",31,"Electronics",1,300,300,"25-34"
181,2023-11-03 00:00:00.000,"CUST181","Male",19,"Electronics",4,300,1200,"18-24"
184,2023-01-10 00:00:00.000,"CUST184","Male",31,"Electronics",4,50,200,"25-34"
201,2023-10-09 00:00:00.000,"CUST201","Male",56,"Electronics",1,25,25,"55+"
208,2023-10-04 00:00:00.000,"CUST208","Female",34,"Electronics",4,50,200,"25-34"
209,2023-12-20 00:00:00.000,"CUST209","Female",30,"Electronics",4,50,200,"25-34"
210,2023-04-13 00:00:00.000,"CUST210","Male",37,"Electronics",4,50,200,"35-44"
216,2023-07-11 00:00:00.000,"CUST216","Male",62,"Electronics",2,50,100,"55+"
217,2023-08-13 00:00:00.000,"CUST217","Female",35,"Electronics",4,50,200,"35-44"
219,2023-08-20 00:00:00.000,"CUST219","Female",53,"Electronics",3,30,90,"45-54"
227,2023-10-11 00:00:00.000,"CUST227","Male",36,"Electronics",2,50,100,"35-44"
228,2023-04-28 00:00:00.000,"CUST228","Female",59,"Electronics",2,30,60,"55+"
234,2023-11-20 00:00:00.000,"CUST234","Female",62,"Electronics",2,25,50,"55+"
235,2023-01-31 00:00:00.000,"CUST235","Female",23,"Electronics",2,500,1000,"18-24"
239,2023-06-19 00:00:00.000,"CUST239","Male",38,"Electronics",3,500,1500,"35-44"
241,2023-09-21 00:00:00.000,"CUST241","Female",23,"Electronics",3,25,75,"18-24"
243,2023-05-23 00:00:00.000,"CUST243","Female",47,"Electronics",3,300,900,"45-54"
246,2023-04-20 00:00:00.000,"CUST246","Female",48,"Electronics",2,25,50,"45-54"
247,2023-10-04 00:00:00.000,"CUST247","Male",41,"Electronics",2,30,60,"35-44"
250,2023-10-23 00:00:00.000,"CUST250","Male",48,"Electronics",1,50,50,"45-54"
252,2023-05-05 00:00:00.000,"CUST252","Male",54,"Electronics",1,300,300,"45-54"
254,2023-07-28 00:00:00.000,"CUST254","Male",41,"Electronics",1,500,500,"35-44"
266,2023-12-01 00:00:00.000,"CUST266","Female",19,"Electronics",2,30,60,"18-24"
268,2023-02-20 00:00:00.000,"CUST268","Female",28,"Electronics",1,30,30,"25-34"
270,2023-07-26 00:00:00.000,"CUST270","Male",43,"Electronics",1,300,300,"35-44"
272,2023-02-25 00:00:00.000,"CUST272","Female",61,"Electronics",2,50,100,"55+"
282,2023-08-25 00:00:00.000,"CUST282","Female",64,"Electronics",4,50,200,"55+"
283,2023-05-08 00:00:00.000,"CUST283","Female",18,"Electronics",1,500,500,"18-24"
285,2023-08-15 00:00:00.000,"CUST285","Female",31,"Electronics",1,25,25,"25-34"
286,2023-10-09 00:00:00.000,"CUST286","Male",55,"Electronics",2,25,50,"55+"
289,2023-11-30 00:00:00.000,"CUST289","Male",53,"Electronics",2,30,60,"45-54"
293,2023-05-02 00:00:00.000,"CUST293","Male",50,"Electronics",3,30,90,"45-54"
297,2023-09-04 00:00:00.000,"CUST297","Female",40,"Electronics",2,500,1000,"35-44"
299,2023-07-25 00:00:00.000,"CUST299","Male",61,"Electronics",2,500,1000,"55+"
300,2023-01-31 00:00:00.000,"CUST300","Female",19,"Electronics",4,50,200,"18-24"
303,2023-01-02 00:00:00.000,"CUST303","Male",19,"Electronics",3,30,90,"18-24"
304,2023-07-19 00:00:00.000,"CUST304","Female",37,"Electronics",2,30,60,"35-44"
306,2023-08-21 00:00:00.000,"CUST306","Male",54,"Electronics",1,50,50,"45-54"
307,2023-05-27 00:00:00.000,"CUST307","Female",26,"Electronics",2,25,50,"25-34"
317,2023-01-30 00:00:00.000,"CUST317","Male",22,"Electronics",3,30,90,"18-24"
320,2023-02-01 00:00:00.000,"CUST320","Female",28,"Electronics",4,300,1200,"25-34"
321,2023-06-10 00:00:00.000,"CUST321","Female",26,"Electronics",2,25,50,"25-34"
322,2023-01-30 00:00:00.000,"CUST322","Male",51,"Electronics",1,500,500,"45-54"
324,2023-10-27 00:00:00.000,"CUST324","Female",52,"Electronics",3,50,150,"45-54"
325,2023-09-02 00:00:00.000,"CUST325","Female",52,"Electronics",2,25,50,"45-54"
327,2023-09-29 00:00:00.000,"CUST327","Male",57,"Electronics",3,50,150,"55+"
329,2023-01-30 00:00:00.000,"CUST329","Female",46,"Electronics",4,25,100,"45-54"
331,2023-02-11 00:00:00.000,"CUST331","Male",28,"Electronics",3,30,90,"25-34"
332,2023-04-06 00:00:00.000,"CUST332","Male",58,"Electronics",4,300,1200,"55+"
333,2023-02-05 00:00:00.000,"CUST333","Female",54,"Electronics",4,300,1200,"45-54"
334,2023-11-01 00:00:00.000,"CUST334","Male",31,"Electronics",3,300,900,"25-34"
339,2023-03-03 00:00:00.000,"CUST339","Female",22,"Electronics",2,25,50,"18-24"
343,2023-11-01 00:00:00.000,"CUST343","Male",21,"Electronics",2,25,50,"18-24"
345,2023-11-14 00:00:00.000,"CUST345","Male",62,"Electronics",1,30,30,"55+"
347,2023-08-03 00:00:00.000,"CUST347","Male",42,"Electronics",1,25,25,"35-44"
348,2023-12-03 00:00:00.000,"CUST348","Female",35,"Electronics",2,300,600,"35-44"
352,2023-06-11 00:00:00.000,"CUST352","Male",57,"Electronics",2,500,1000,"55+"
353,2023-05-14 00:00:00.000,"CUST353","Male",31,"Electronics",1,500,500,"25-34"
355,2023-12-09 00:00:00.000,"CUST355","Female",55,"Electronics",1,500,500,"55+"
356,2023-06-10 00:00:00.000,"CUST356","Male",50,"Electronics",3,500,1500,"45-54"
357,2023-05-03 00:00:00.000,"CUST357","Female",40,"Electronics",3,25,75,"35-44"
361,2023-12-10 00:00:00.000,"CUST361","Female",34,"Electronics",4,300,1200,"25-34"
367,2023-01-05 00:00:00.000,"CUST367","Female",57,"Electronics",1,50,50,"55+"
369,2023-11-15 00:00:00.000,"CUST369","Male",23,"Electronics",3,500,1500,"18-24"
370,2023-10-16 00:00:00.000,"CUST370","Male",23,"Electronics",2,30,60,"18-24"
380,2023-05-06 00:00:00.000,"CUST380","Male",56,"Electronics",2,300,600,"55+"
385,2023-10-06 00:00:00.000,"CUST385","Male",50,"Electronics",3,500,1500,"45-54"
386,2023-12-27 00:00:00.000,"CUST386","Female",54,"Electronics",2,300,600,"45-54"
388,2023-11-10 00:00:00.000,"CUST388","Male",50,"Electronics",1,25,25,"45-54"
390,2023-09-28 00:00:00.000,"CUST390","Male",39,"Electronics",2,50,100,"35-44"
395,2023-12-06 00:00:00.000,"CUST395","Male",50,"Electronics",2,500,1000,"45-54"
404,2023-05-25 00:00:00.000,"CUST404","Male",46,"Electronics",2,500,1000,"45-54"
407,2023-06-25 00:00:00.000,"CUST407","Female",46,"Electronics",3,300,900,"45-54"
409,2023-12-18 00:00:00.000,"CUST409","Female",21,"Electronics",3,300,900,"18-24"
411,2023-05-16 00:00:00.000,"CUST411","Male",62,"Electronics",4,50,200,"55+"
412,2023-09-16 00:00:00.000,"CUST412","Female",19,"Electronics",4,500,2000,"18-24"
416,2023-02-17 00:00:00.000,"CUST416","Male",53,"Electronics",4,500,2000,"45-54"
417,2023-11-21 00:00:00.000,"CUST417","Male",43,"Electronics",3,300,900,"35-44"
418,2023-08-05 00:00:00.000,"CUST418","Female",60,"Electronics",2,500,1000,"55+"
425,2023-05-15 00:00:00.000,"CUST425","Female",55,"Electronics",4,30,120,"55+"
426,2023-03-24 00:00:00.000,"CUST426","Male",23,"Electronics",3,50,150,"18-24"
427,2023-08-15 00:00:00.000,"CUST427","Male",25,"Electronics",1,25,25,"25-34"
428,2023-10-10 00:00:00.000,"CUST428","Female",40,"Electronics",4,50,200,"35-44"
429,2023-12-28 00:00:00.000,"CUST429","Male",64,"Electronics",2,25,50,"55+"
430,2023-08-07 00:00:00.000,"CUST430","Female",43,"Electronics",3,300,900,"35-44"
431,2023-10-15 00:00:00.000,"CUST431","Male",63,"Electronics",4,300,1200,"55+"
432,2023-01-05 00:00:00.000,"CUST432","Female",60,"Electronics",2,500,1000,"55+"
434,2023-02-08 00:00:00.000,"CUST434","Female",43,"Electronics",2,25,50,"35-44"
437,2023-10-07 00:00:00.000,"CUST437","Female",35,"Electronics",4,300,1200,"35-44"
445,2023-01-22 00:00:00.000,"CUST445","Female",53,"Electronics",1,300,300,"45-54"
446,2023-06-07 00:00:00.000,"CUST446","Male",21,"Electronics",1,50,50,"18-24"
449,2023-07-03 00:00:00.000,"CUST449","Male",25,"Electronics",4,50,200,"25-34"
451,2023-12-16 00:00:00.000,"CUST451","Female",45,"Electronics",1,30,30,"45-54"
455,2023-07-01 00:00:00.000,"CUST455","Male",31,"Electronics",4,25,100,"25-34"
456,2023-10-14 00:00:00.000,"CUST456","Male",57,"Electronics",2,30,60,"55+"
458,2023-11-14 00:00:00.000,"CUST458","Female",39,"Electronics",4,25,100,"35-44"
462,2023-04-01 00:00:00.000,"CUST462","Male",63,"Electronics",4,300,1200,"55+"
464,2023-01-13 00:00:00.000,"CUST464","Male",38,"Electronics",2,300,600,"35-44"
465,2023-04-02 00:00:00.000,"CUST465","Female",43,"Electronics",3,50,150,"35-44"
466,2023-06-20 00:00:00.000,"CUST466","Male",63,"Electronics",4,25,100,"55+"
467,2023-07-30 00:00:00.000,"CUST467","Female",53,"Electronics",3,50,150,"45-54"
468,2023-12-09 00:00:00.000,"CUST468","Male",40,"Electronics",1,25,25,"35-44"
479,2023-08-24 00:00:00.000,"CUST479","Male",52,"Electronics",4,300,1200,"45-54"
481,2023-06-06 00:00:00.000,"CUST481","Female",43,"Electronics",4,300,1200,"35-44"
485,2023-12-04 00:00:00.000,"CUST485","Male",24,"Electronics",1,30,30,"18-24"
486,2023-04-09 00:00:00.000,"CUST486","Female",35,"Electronics",1,25,25,"35-44"
488,2023-06-18 00:00:00.000,"CUST488","Female",51,"Electronics",3,300,900,"45-54"
489,2023-05-23 00:00:00.000,"CUST489","Male",44,"Electronics",1,30,30,"35-44"
491,2023-05-23 00:00:00.000,"CUST491","Female",60,"Electronics",3,300,900,"55+"
501,2023-05-14 00:00:00.000,"CUST501","Male",39,"Electronics",2,30,60,"35-44"
502,2023-04-02 00:00:00.000,"CUST502","Male",43,"Electronics",3,50,150,"35-44"
507,2023-11-02 00:00:00.000,"CUST507","Female",37,"Electronics",3,500,1500,"35-44"
509,2023-06-26 00:00:00.000,"CUST509","Female",37,"Electronics",3,300,900,"35-44"
513,2023-09-19 00:00:00.000,"CUST513","Male",24,"Electronics",4,25,100,"18-24"
514,2023-03-01 00:00:00.000,"CUST514","Female",18,"Electronics",1,300,300,"18-24"
519,2023-01-23 00:00:00.000,"CUST519","Female",36,"Electronics",4,30,120,"35-44"
520,2023-12-29 00:00:00.000,"CUST520","Female",49,"Electronics",4,25,100,"45-54"
523,2023-09-24 00:00:00.000,"CUST523","Female",62,"Electronics",1,300,300,"55+"
530,2023-02-05 00:00:00.000,"CUST530","Female",18,"Electronics",4,30,120,"18-24"
531,2023-12-07 00:00:00.000,"CUST531","Male",31,"Electronics",1,500,500,"25-34"
533,2023-11-16 00:00:00.000,"CUST533","Male",19,"Electronics",3,500,1500,"18-24"
540,2023-12-08 00:00:00.000,"CUST540","Female",46,"Electronics",3,300,900,"45-54"
544,2023-12-23 00:00:00.000,"CUST544","Female",27,"Electronics",1,25,25,"25-34"
546,2023-10-11 00:00:00.000,"CUST546","Female",36,"Electronics",4,50,200,"35-44"
551,2023-07-14 00:00:00.000,"CUST551","Male",45,"Electronics",3,300,900,"45-54"
552,2023-12-13 00:00:00.000,"CUST552","Female",49,"Electronics",3,25,75,"45-54"
556,2023-06-04 00:00:00.000,"CUST556","Female",18,"Electronics",1,50,50,"18-24"
560,2023-06-05 00:00:00.000,"CUST560","Female",25,"Electronics",1,50,50,"25-34"
562,2023-04-18 00:00:00.000,"CUST562","Male",54,"Electronics",2,25,50,"45-54"
564,2023-10-24 00:00:00.000,"CUST564","Male",50,"Electronics",2,50,100,"45-54"
568,2023-08-27 00:00:00.000,"CUST568","Female",51,"Electronics",1,300,300,"45-54"
569,2023-08-15 00:00:00.000,"CUST569","Male",52,"Electronics",4,50,200,"45-54"
571,2023-12-12 00:00:00.000,"CUST571","Female",41,"Electronics",1,50,50,"35-44"
574,2023-08-31 00:00:00.000,"CUST574","Female",63,"Electronics",2,25,50,"55+"
579,2023-09-21 00:00:00.000,"CUST579","Female",38,"Electronics",1,30,30,"35-44"
583,2023-06-21 00:00:00.000,"CUST583","Female",24,"Electronics",4,25,100,"18-24"
586,2023-12-11 00:00:00.000,"CUST586","Male",50,"Electronics",1,50,50,"45-54"
588,2023-04-26 00:00:00.000,"CUST588","Male",38,"Electronics",2,30,60,"35-44"
591,2023-01-13 00:00:00.000,"CUST591","Male",53,"Electronics",4,25,100,"45-54"
593,2023-05-06 00:00:00.000,"CUST593","Male",35,"Electronics",2,30,60,"35-44"
594,2023-09-01 00:00:00.000,"CUST594","Female",19,"Electronics",2,300,600,"18-24"
596,2023-02-07 00:00:00.000,"CUST596","Female",64,"Electronics",1,300,300,"55+"
602,2023-12-23 00:00:00.000,"CUST602","Female",20,"Electronics",1,300,300,"18-24"
604,2023-09-11 00:00:00.000,"CUST604","Female",29,"Electronics",4,50,200,"25-34"
605,2023-07-24 00:00:00.000,"CUST605","Male",37,"Electronics",2,500,1000,"35-44"
606,2023-05-05 00:00:00.000,"CUST606","Male",22,"Electronics",1,50,50,"18-24"
608,2023-12-02 00:00:00.000,"CUST608","Female",55,"Electronics",3,500,1500,"55+"
612,2023-08-06 00:00:00.000,"CUST612","Female",61,"Electronics",1,500,500,"55+"
617,2023-08-26 00:00:00.000,"CUST617","Male",34,"Electronics",1,30,30,"25-34"
619,2023-10-13 00:00:00.000,"CUST619","Male",47,"Electronics",4,25,100,"45-54"
620,2023-05-08 00:00:00.000,"CUST620","Male",63,"Electronics",3,25,75,"55+"
629,2023-06-12 00:00:00.000,"CUST629","Male",62,"Electronics",2,25,50,"55+"
631,2023-11-10 00:00:00.000,"CUST631","Male",56,"Electronics",3,30,90,"55+"
632,2023-09-16 00:00:00.000,"CUST632","Female",26,"Electronics",4,25,100,"25-34"
634,2023-10-08 00:00:00.000,"CUST634","Male",60,"Electronics",4,500,2000,"55+"
635,2023-08-17 00:00:00.000,"CUST635","Female",63,"Electronics",3,300,900,"55+"
638,2023-08-19 00:00:00.000,"CUST638","Male",46,"Electronics",1,500,500,"45-54"
640,2023-05-07 00:00:00.000,"CUST640","Female",51,"Electronics",4,30,120,"45-54"
641,2023-11-23 00:00:00.000,"CUST641","Female",40,"Electronics",1,300,300,"35-44"
643,2023-09-24 00:00:00.000,"CUST643","Female",28,"Electronics",3,30,90,"25-34"
645,2023-11-17 00:00:00.000,"CUST645","Female",35,"Electronics",4,30,120,"35-44"
650,2024-01-01 00:00:00.000,"CUST650","Male",55,"Electronics",1,30,30,"55+"
659,2023-03-19 00:00:00.000,"CUST659","Female",39,"Electronics",1,30,30,"35-44"
666,2023-02-02 00:00:00.000,"CUST666","Male",51,"Electronics",3,50,150,"45-54"
667,2023-08-01 00:00:00.000,"CUST667","Female",29,"Electronics",1,500,500,"25-34"
668,2023-07-28 00:00:00.000,"CUST668","Female",62,"Electronics",3,50,150,"55+"
671,2023-08-27 00:00:00.000,"CUST671","Male",62,"Electronics",3,50,150,"55+"
676,2023-07-19 00:00:00.000,"CUST676","Male",63,"Electronics",3,500,1500,"55+"
678,2023-12-23 00:00:00.000,"CUST678","Female",60,"Electronics",3,300,900,"55+"
681,2023-07-14 00:00:00.000,"CUST681","Female",43,"Electronics",2,30,60,"35-44"
685,2023-06-02 00:00:00.000,"CUST685","Male",57,"Electronics",2,25,50,"55+"
686,2023-07-19 00:00:00.000,"CUST686","Female",28,"Electronics",4,50,200,"25-34"
687,2023-08-03 00:00:00.000,"CUST687","Female",53,"Electronics",1,300,300,"45-54"
689,2023-10-07 00:00:00.000,"CUST689","Male",57,"Electronics",2,50,100,"55+"
694,2023-05-20 00:00:00.000,"CUST694","Female",39,"Electronics",2,25,50,"35-44"
695,2023-08-12 00:00:00.000,"CUST695","Female",22,"Electronics",3,50,150,"18-24"
698,2023-07-19 00:00:00.000,"CUST698","Female",64,"Electronics",1,300,300,"55+"
700,2023-12-09 00:00:00.000,"CUST700","Male",36,"Electronics",4,500,2000,"35-44"
703,2023-03-26 00:00:00.000,"CUST703","Male",34,"Electronics",2,50,100,"25-34"
705,2023-03-07 00:00:00.000,"CUST705","Male",60,"Electronics",2,25,50,"55+"
706,2023-11-15 00:00:00.000,"CUST706","Male",51,"Electronics",4,25,100,"45-54"
709,2023-07-21 00:00:00.000,"CUST709","Female",19,"Electronics",2,500,1000,"18-24"
710,2023-10-31 00:00:00.000,"CUST710","Female",26,"Electronics",3,500,1500,"25-34"
711,2023-10-16 00:00:00.000,"CUST711","Male",26,"Electronics",3,500,1500,"25-34"
725,2023-08-21 00:00:00.000,"CUST725","Male",61,"Electronics",1,300,300,"55+"
728,2023-07-14 00:00:00.000,"CUST728","Male",51,"Electronics",3,50,150,"45-54"
732,2023-02-11 00:00:00.000,"CUST732","Male",61,"Electronics",2,500,1000,"55+"
742,2023-01-21 00:00:00.000,"CUST742","Female",38,"Electronics",4,500,2000,"35-44"
744,2023-05-07 00:00:00.000,"CUST744","Male",40,"Electronics",1,25,25,"35-44"
754,2023-10-16 00:00:00.000,"CUST754","Female",43,"Electronics",4,25,100,"35-44"
756,2023-08-27 00:00:00.000,"CUST756","Female",62,"Electronics",4,300,1200,"55+"
757,2023-12-25 00:00:00.000,"CUST757","Female",43,"Electronics",4,300,1200,"35-44"
759,2023-07-08 00:00:00.000,"CUST759","Male",49,"Electronics",2,50,100,"45-54"
762,2023-11-07 00:00:00.000,"CUST762","Female",24,"Electronics",2,25,50,"18-24"
766,2023-02-25 00:00:00.000,"CUST766","Male",38,"Electronics",3,300,900,"35-44"
769,2023-06-09 00:00:00.000,"CUST769","Female",31,"Electronics",4,30,120,"25-34"
771,2023-12-13 00:00:00.000,"CUST771","Male",24,"Electronics",2,25,50,"18-24"
772,2023-07-12 00:00:00.000,"CUST772","Male",26,"Electronics",1,30,30,"25-34"
773,2023-07-23 00:00:00.000,"CUST773","Male",25,"Electronics",4,500,2000,"25-34"
775,2023-02-08 00:00:00.000,"CUST775","Female",46,"Electronics",4,25,100,"45-54"
777,2023-12-20 00:00:00.000,"CUST777","Male",48,"Electronics",3,50,150,"45-54"
779,2023-05-05 00:00:00.000,"CUST779","Female",56,"Electronics",2,500,1000,"55+"
780,2023-02-22 00:00:00.000,"CUST780","Male",52,"Electronics",2,25,50,"45-54"
784,2023-11-04 00:00:00.000,"CUST784","Female",34,"Electronics",1,500,500,"25-34"
787,2023-01-22 00:00:00.000,"CUST787","Male",41,"Electronics",1,25,25,"35-44"
795,2023-11-28 00:00:00.000,"CUST795","Male",57,"Electronics",1,300,300,"55+"
799,2023-09-08 00:00:00.000,"CUST799","Male",56,"Electronics",2,50,100,"55+"
804,2023-08-24 00:00:00.000,"CUST804","Male",42,"Electronics",1,30,30,"35-44"
807,2023-08-11 00:00:00.000,"CUST807","Female",50,"Electronics",4,50,200,"45-54"
810,2023-11-30 00:00:00.000,"CUST810","Male",59,"Electronics",4,25,100,"55+"
812,2023-11-12 00:00:00.000,"CUST812","Male",19,"Electronics",3,25,75,"18-24"
813,2023-10-03 00:00:00.000,"CUST813","Male",52,"Electronics",3,50,150,"45-54"
818,2023-05-18 00:00:00.000,"CUST818","Male",30,"Electronics",1,500,500,"25-34"
820,2023-05-06 00:00:00.000,"CUST820","Male",49,"Electronics",4,50,200,"45-54"
821,2023-02-14 00:00:00.000,"CUST821","Male",49,"Electronics",1,300,300,"45-54"
823,2023-08-19 00:00:00.000,"CUST823","Female",56,"Electronics",2,50,100,"55+"
828,2023-12-09 00:00:00.000,"CUST828","Female",33,"Electronics",4,300,1200,"25-34"
831,2023-01-15 00:00:00.000,"CUST831","Male",27,"Electronics",4,25,100,"25-34"
838,2023-05-13 00:00:00.000,"CUST838","Male",47,"Electronics",2,300,600,"45-54"
839,2023-06-24 00:00:00.000,"CUST839","Female",20,"Electronics",4,300,1200,"18-24"
841,2023-11-02 00:00:00.000,"CUST841","Male",31,"Electronics",4,25,100,"25-34"
847,2023-04-08 00:00:00.000,"CUST847","Female",18,"Electronics",4,300,1200,"18-24"
851,2023-09-08 00:00:00.000,"CUST851","Male",32,"Electronics",2,25,50,"25-34"
856,2023-11-27 00:00:00.000,"CUST856","Male",54,"Electronics",4,30,120,"45-54"
857,2023-12-31 00:00:00.000,"CUST857","Male",60,"Electronics",2,25,50,"55+"
858,2023-09-09 00:00:00.000,"CUST858","Male",23,"Electronics",2,50,100,"18-24"
859,2023-08-18 00:00:00.000,"CUST859","Female",56,"Electronics",3,500,1500,"55+"
862,2023-05-31 00:00:00.000,"CUST862","Male",28,"Electronics",4,300,1200,"25-34"
863,2023-04-24 00:00:00.000,"CUST863","Female",30,"Electronics",2,25,50,"25-34"
864,2023-07-27 00:00:00.000,"CUST864","Female",51,"Electronics",1,500,500,"45-54"
866,2023-05-05 00:00:00.000,"CUST866","Male",24,"Electronics",1,50,50,"18-24"
867,2023-06-06 00:00:00.000,"CUST867","Male",21,"Electronics",1,500,500,"18-24"
868,2023-12-06 00:00:00.000,"CUST868","Female",25,"Electronics",1,300,300,"25-34"
870,2023-07-08 00:00:00.000,"CUST870","Female",46,"Electronics",4,30,120,"45-54"
873,2023-09-29 00:00:00.000,"CUST873","Female",27,"Electronics",4,25,100,"25-34"
875,2023-08-06 00:00:00.000,"CUST875","Female",51,"Electronics",4,500,2000,"45-54"
881,2023-05-19 00:00:00.000,"CUST881","Male",22,"Electronics",1,300,300,"18-24"
882,2023-06-06 00:00:00.000,"CUST882","Female",64,"Electronics",2,25,50,"55+"
883,2023-05-09 00:00:00.000,"CUST883","Male",40,"Electronics",1,500,500,"35-44"
886,2023-04-09 00:00:00.000,"CUST886","Male",37,"Electronics",3,300,900,"35-44"
888,2023-03-03 00:00:00.000,"CUST888","Female",52,"Electronics",4,25,100,"45-54"
889,2023-10-02 00:00:00.000,"CUST889","Female",35,"Electronics",1,50,50,"35-44"
890,2023-12-20 00:00:00.000,"CUST890","Male",34,"Electronics",2,25,50,"25-34"
891,2023-04-05 00:00:00.000,"CUST891","Male",41,"Electronics",3,300,900,"35-44"
892,2023-04-09 00:00:00.000,"CUST892","Male",20,"Electronics",1,50,50,"18-24"
893,2023-04-21 00:00:00.000,"CUST893","Male",49,"Electronics",1,50,50,"45-54"
894,2023-09-05 00:00:00.000,"CUST894","Male",52,"Electronics",1,30,30,"45-54"
896,2023-10-29 00:00:00.000,"CUST896","Female",30,"Electronics",2,25,50,"25-34"
897,2023-09-26 00:00:00.000,"CUST897","Female",64,"Electronics",2,50,100,"55+"
901,2023-04-10 00:00:00.000,"CUST901","Male",31,"Electronics",1,30,30,"25-34"
907,2023-01-08 00:00:00.000,"CUST907","Female",45,"Electronics",1,25,25,"45-54"
909,2023-10-01 00:00:00.000,"CUST909","Male",26,"Electronics",1,300,300,"25-34"
911,2023-05-21 00:00:00.000,"CUST911","Male",42,"Electronics",3,300,900,"35-44"
913,2023-01-28 00:00:00.000,"CUST913","Male",29,"Electronics",3,30,90,"25-34"
914,2023-10-11 00:00:00.000,"CUST914","Female",59,"Electronics",1,500,500,"55+"
916,2023-12-24 00:00:00.000,"CUST916","Female",32,"Electronics",1,50,50,"25-34"
917,2023-03-06 00:00:00.000,"CUST917","Female",57,"Electronics",4,50,200,"55+"
918,2023-11-23 00:00:00.000,"CUST918","Female",42,"Electronics",3,30,90,"35-44"
921,2023-01-07 00:00:00.000,"CUST921","Male",51,"Electronics",3,25,75,"45-54"
922,2023-10-21 00:00:00.000,"CUST922","Male",41,"Electronics",1,50,50,"35-44"
925,2023-09-03 00:00:00.000,"CUST925","Male",25,"Electronics",1,300,300,"25-34"
926,2023-08-14 00:00:00.000,"CUST926","Male",22,"Electronics",1,30,30,"18-24"
927,2023-06-24 00:00:00.000,"CUST927","Male",43,"Electronics",4,500,2000,"35-44"
939,2023-12-18 00:00:00.000,"CUST939","Female",46,"Electronics",1,300,300,"45-54"
940,2023-01-28 00:00:00.000,"CUST940","Female",20,"Electronics",1,30,30,"18-24"
946,2023-05-08 00:00:00.000,"CUST946","Male",62,"Electronics",4,500,2000,"55+"
948,2023-10-13 00:00:00.000,"CUST948","Female",23,"Electronics",3,25,75,"18-24"
949,2023-08-02 00:00:00.000,"CUST949","Female",41,"Electronics",2,25,50,"35-44"
954,2023-09-25 00:00:00.000,"CUST954","Female",50,"Electronics",3,300,900,"45-54"
957,2023-08-15 00:00:00.000,"CUST957","Female",60,"Electronics",4,30,120,"55+"
958,2023-06-02 00:00:00.000,"CUST958","Male",62,"Electronics",2,25,50,"55+"
959,2023-10-29 00:00:00.000,"CUST959","Female",42,"Electronics",2,30,60,"35-44"
966,2023-02-20 00:00:00.000,"CUST966","Male",60,"Electronics",2,500,1000,"55+"
970,2023-05-16 00:00:00.000,"CUST970","Male",59,"Electronics",4,500,2000,"55+"
971,2023-12-05 00:00:00.000,"CUST971","Female",27,"Electronics",4,50,200,"25-34"
977,2023-02-08 00:00:00.000,"CUST977","Female",35,"Electronics",3,25,75,"35-44"
980,2023-07-29 00:00:00.000,"CUST980","Female",31,"Electronics",3,25,75,"25-34"
981,2023-08-19 00:00:00.000,"CUST981","Female",30,"Electronics",2,30,60,"25-34"
985,2023-05-30 00:00:00.000,"CUST985","Female",19,"Electronics",2,25,50,"18-24"
989,2023-12-28 00:00:00.000,"CUST989","Female",44,"Electronics",1,25,25,"35-44"
992,2023-08-21 00:00:00.000,"CUST992","Female",57,"Electronics",2,30,60,"55+"
993,2023-02-06 00:00:00.000,"CUST993","Female",48,"Electronics",3,50,150,"45-54"
999,2023-12-05 00:00:00.000,"CUST999","Female",36,"Electronics",3,50,150,"35-44"
1000,2023-04-12 00:00:00.000,"CUST1000","Male",47,"Electronics",4,30,120,"45-54"
6,2023-04-25 00:00:00.000,"CUST006","Female",45,"Beauty",1,30,30,"45-54"
12,2023-10-30 00:00:00.000,"CUST012","Male",35,"Beauty",3,25,75,"35-44"
27,2023-08-03 00:00:00.000,"CUST027","Female",38,"Beauty",2,25,50,"35-44"
30,2023-10-29 00:00:00.000,"CUST030","Female",39,"Beauty",3,300,900,"35-44"
32,2023-01-04 00:00:00.000,"CUST032","Male",30,"Beauty",3,30,90,"25-34"
35,2023-08-05 00:00:00.000,"CUST035","Female",58,"Beauty",3,300,900,"55+"
36,2023-06-24 00:00:00.000,"CUST036","Male",52,"Beauty",3,300,900,"45-54"
37,2023-05-23 00:00:00.000,"CUST037","Female",18,"Beauty",3,25,75,"18-24"
50,2023-08-24 00:00:00.000,"CUST050","Female",27,"Beauty",3,25,75,"25-34"
51,2023-10-02 00:00:00.000,"CUST051","Male",27,"Beauty",3,25,75,"25-34"
52,2023-03-05 00:00:00.000,"CUST052","Female",36,"Beauty",1,300,300,"35-44"
55,2023-10-10 00:00:00.000,"CUST055","Male",31,"Beauty",4,30,120,"25-34"
57,2023-11-18 00:00:00.000,"CUST057","Female",63,"Beauty",1,30,30,"55+"
67,2023-05-29 00:00:00.000,"CUST067","Female",48,"Beauty",4,300,1200,"45-54"
69,2023-04-30 00:00:00.000,"CUST069","Female",56,"Beauty",3,25,75,"55+"
71,2023-07-14 00:00:00.000,"CUST071","Female",51,"Beauty",4,25,100,"45-54"
79,2023-04-18 00:00:00.000,"CUST079","Male",34,"Beauty",1,300,300,"25-34"
86,2023-11-08 00:00:00.000,"CUST086","Male",19,"Beauty",3,30,90,"18-24"
102,2023-04-28 00:00:00.000,"CUST102","Female",47,"Beauty",2,25,50,"45-54"
108,2023-04-19 00:00:00.000,"CUST108","Female",27,"Beauty",3,25,75,"25-34"
114,2023-07-22 00:00:00.000,"CUST114","Female",22,"Beauty",4,25,100,"18-24"
129,2023-04-23 00:00:00.000,"CUST129","Female",21,"Beauty",2,300,600,"18-24"
131,2023-09-18 00:00:00.000,"CUST131","Female",21,"Beauty",2,300,600,"18-24"
172,2023-09-17 00:00:00.000,"CUST172","Male",32,"Beauty",2,25,50,"25-34"
174,2023-04-12 00:00:00.000,"CUST174","Female",39,"Beauty",1,300,300,"35-44"
182,2023-06-15 00:00:00.000,"CUST182","Male",62,"Beauty",4,30,120,"55+"
183,2023-09-08 00:00:00.000,"CUST183","Female",43,"Beauty",3,300,900,"35-44"
190,2023-05-04 00:00:00.000,"CUST190","Female",60,"Beauty",3,30,90,"55+"
191,2023-10-18 00:00:00.000,"CUST191","Male",64,"Beauty",1,25,25,"55+"
198,2023-03-07 00:00:00.000,"CUST198","Female",54,"Beauty",3,300,900,"45-54"
204,2023-09-28 00:00:00.000,"CUST204","Male",39,"Beauty",1,25,25,"35-44"
207,2023-04-19 00:00:00.000,"CUST207","Female",42,"Beauty",2,25,50,"35-44"
214,2023-12-10 00:00:00.000,"CUST214","Male",20,"Beauty",2,30,60,"18-24"
218,2023-09-22 00:00:00.000,"CUST218","Male",64,"Beauty",3,30,90,"55+"
221,2023-05-07 00:00:00.000,"CUST221","Male",39,"Beauty",2,300,600,"35-44"
225,2023-01-11 00:00:00.000,"CUST225","Female",57,"Beauty",4,25,100,"55+"
229,2023-10-29 00:00:00.000,"CUST229","Male",58,"Beauty",3,30,90,"55+"
230,2023-04-23 00:00:00.000,"CUST230","Male",54,"Beauty",1,25,25,"45-54"
232,2023-02-06 00:00:00.000,"CUST232","Female",43,"Beauty",1,25,25,"35-44"
233,2023-12-29 00:00:00.000,"CUST233","Female",51,"Beauty",2,300,600,"45-54"
240,2023-02-06 00:00:00.000,"CUST240","Female",23,"Beauty",1,300,300,"18-24"
260,2023-07-01 00:00:00.000,"CUST260","Male",28,"Beauty",2,30,60,"25-34"
262,2023-07-30 00:00:00.000,"CUST262","Female",32,"Beauty",4,30,120,"25-34"
263,2023-08-28 00:00:00.000,"CUST263","Male",23,"Beauty",2,30,60,"18-24"
267,2023-11-27 00:00:00.000,"CUST267","Female",32,"Beauty",3,30,90,"25-34"
271,2023-06-23 00:00:00.000,"CUST271","Female",62,"Beauty",4,30,120,"55+"
276,2023-10-02 00:00:00.000,"CUST276","Female",21,"Beauty",4,25,100,"18-24"
290,2023-10-04 00:00:00.000,"CUST290","Female",30,"Beauty",2,300,600,"25-34"
292,2023-02-17 00:00:00.000,"CUST292","Male",20,"Beauty",4,300,1200,"18-24"
295,2023-07-28 00:00:00.000,"CUST295","Female",27,"Beauty",3,300,900,"25-34"
298,2023-04-20 00:00:00.000,"CUST298","Male",27,"Beauty",4,300,1200,"25-34"
302,2023-07-14 00:00:00.000,"CUST302","Male",57,"Beauty",2,300,600,"55+"
305,2023-05-16 00:00:00.000,"CUST305","Female",18,"Beauty",1,30,30,"18-24"
308,2023-08-05 00:00:00.000,"CUST308","Female",34,"Beauty",4,300,1200,"25-34"
309,2023-12-23 00:00:00.000,"CUST309","Female",26,"Beauty",1,25,25,"25-34"
310,2023-10-12 00:00:00.000,"CUST310","Female",28,"Beauty",1,25,25,"25-34"
311,2023-12-05 00:00:00.000,"CUST311","Female",32,"Beauty",4,25,100,"25-34"
323,2023-01-26 00:00:00.000,"CUST323","Female",29,"Beauty",3,300,900,"25-34"
335,2023-02-04 00:00:00.000,"CUST335","Female",47,"Beauty",4,30,120,"45-54"
344,2023-01-21 00:00:00.000,"CUST344","Female",42,"Beauty",1,30,30,"35-44"
350,2023-10-17 00:00:00.000,"CUST350","Male",25,"Beauty",3,25,75,"25-34"
358,2023-05-16 00:00:00.000,"CUST358","Female",32,"Beauty",1,300,300,"25-34"
363,2023-06-03 00:00:00.000,"CUST363","Male",64,"Beauty",1,25,25,"55+"
371,2023-02-21 00:00:00.000,"CUST371","Female",20,"Beauty",1,25,25,"18-24"
373,2023-10-03 00:00:00.000,"CUST373","Female",25,"Beauty",2,300,600,"25-34"
374,2023-04-20 00:00:00.000,"CUST374","Female",59,"Beauty",3,25,75,"55+"
376,2023-05-16 00:00:00.000,"CUST376","Female",64,"Beauty",1,30,30,"55+"
378,2023-06-28 00:00:00.000,"CUST378","Male",50,"Beauty",1,300,300,"45-54"
383,2023-03-22 00:00:00.000,"CUST383","Female",46,"Beauty",3,30,90,"45-54"
387,2023-06-04 00:00:00.000,"CUST387","Male",44,"Beauty",1,30,30,"35-44"
391,2023-01-05 00:00:00.000,"CUST391","Male",19,"Beauty",2,25,50,"18-24"
396,2023-02-23 00:00:00.000,"CUST396","Female",55,"Beauty",1,30,30,"55+"
397,2023-03-10 00:00:00.000,"CUST397","Female",30,"Beauty",1,25,25,"25-34"
399,2023-03-01 00:00:00.000,"CUST399","Female",64,"Beauty",2,30,60,"55+"
406,2023-04-18 00:00:00.000,"CUST406","Female",22,"Beauty",4,25,100,"18-24"
413,2023-09-08 00:00:00.000,"CUST413","Female",44,"Beauty",3,25,75,"35-44"
414,2023-05-09 00:00:00.000,"CUST414","Male",48,"Beauty",4,25,100,"45-54"
424,2023-11-23 00:00:00.000,"CUST424","Male",57,"Beauty",4,300,1200,"55+"
435,2023-12-20 00:00:00.000,"CUST435","Female",30,"Beauty",3,300,900,"25-34"
441,2023-10-10 00:00:00.000,"CUST441","Male",57,"Beauty",4,300,1200,"55+"
448,2023-01-21 00:00:00.000,"CUST448","Female",54,"Beauty",2,30,60,"45-54"
450,2023-04-18 00:00:00.000,"CUST450","Female",59,"Beauty",2,25,50,"55+"
454,2023-02-22 00:00:00.000,"CUST454","Female",46,"Beauty",1,25,25,"45-54"
457,2023-07-28 00:00:00.000,"CUST457","Female",58,"Beauty",3,300,900,"55+"
469,2023-05-08 00:00:00.000,"CUST469","Male",18,"Beauty",3,25,75,"18-24"
472,2023-12-26 00:00:00.000,"CUST472","Female",38,"Beauty",3,300,900,"35-44"
492,2023-06-29 00:00:00.000,"CUST492","Male",61,"Beauty",4,25,100,"55+"
493,2023-11-25 00:00:00.000,"CUST493","Male",41,"Beauty",2,25,50,"35-44"
495,2023-07-24 00:00:00.000,"CUST495","Male",24,"Beauty",2,30,60,"18-24"
499,2023-01-15 00:00:00.000,"CUST499","Male",46,"Beauty",2,30,60,"45-54"
500,2023-03-01 00:00:00.000,"CUST500","Female",60,"Beauty",4,25,100,"55+"
508,2023-08-11 00:00:00.000,"CUST508","Male",58,"Beauty",2,300,600,"55+"
512,2023-11-07 00:00:00.000,"CUST512","Female",57,"Beauty",1,25,25,"55+"
516,2023-10-23 00:00:00.000,"CUST516","Male",30,"Beauty",4,25,100,"25-34"
524,2023-10-03 00:00:00.000,"CUST524","Male",46,"Beauty",4,300,1200,"45-54"
525,2023-12-18 00:00:00.000,"CUST525","Female",47,"Beauty",2,25,50,"45-54"
535,2023-12-06 00:00:00.000,"CUST535","Male",47,"Beauty",3,30,90,"45-54"
536,2023-03-05 00:00:00.000,"CUST536","Female",55,"Beauty",4,30,120,"55+"
543,2023-07-26 00:00:00.000,"CUST543","Male",49,"Beauty",2,300,600,"45-54"
555,2023-10-19 00:00:00.000,"CUST555","Male",25,"Beauty",1,300,300,"25-34"
557,2023-07-27 00:00:00.000,"CUST557","Female",20,"Beauty",3,30,90,"18-24"
565,2023-11-07 00:00:00.000,"CUST565","Female",45,"Beauty",2,30,60,"45-54"
573,2023-09-19 00:00:00.000,"CUST573","Male",49,"Beauty",2,30,60,"45-54"
581,2023-11-21 00:00:00.000,"CUST581","Female",48,"Beauty",2,30,60,"45-54"
587,2023-06-08 00:00:00.000,"CUST587","Female",40,"Beauty",4,300,1200,"35-44"
597,2023-08-22 00:00:00.000,"CUST597","Male",22,"Beauty",4,300,1200,"18-24"
598,2023-08-01 00:00:00.000,"CUST598","Male",37,"Beauty",4,30,120,"35-44"
610,2023-01-03 00:00:00.000,"CUST610","Female",26,"Beauty",2,300,600,"25-34"
614,2023-04-01 00:00:00.000,"CUST614","Female",39,"Beauty",4,300,1200,"35-44"
622,2023-08-22 00:00:00.000,"CUST622","Female",49,"Beauty",3,25,75,"45-54"
624,2023-08-26 00:00:00.000,"CUST624","Female",34,"Beauty",3,300,900,"25-34"
633,2023-08-07 00:00:00.000,"CUST633","Male",39,"Beauty",4,30,120,"35-44"
644,2023-09-06 00:00:00.000,"CUST644","Male",23,"Beauty",3,25,75,"18-24"
648,2023-08-14 00:00:00.000,"CUST648","Male",53,"Beauty",4,300,1200,"45-54"
656,2023-10-04 00:00:00.000,"CUST656","Male",29,"Beauty",3,30,90,"25-34"
669,2023-06-19 00:00:00.000,"CUST669","Male",24,"Beauty",4,300,1200,"18-24"
670,2023-10-05 00:00:00.000,"CUST670","Male",27,"Beauty",1,30,30,"25-34"
679,2023-01-11 00:00:00.000,"CUST679","Female",18,"Beauty",3,30,90,"18-24"
682,2023-09-02 00:00:00.000,"CUST682","Male",46,"Beauty",4,300,1200,"45-54"
701,2023-12-14 00:00:00.000,"CUST701","Female",52,"Beauty",2,30,60,"45-54"
708,2023-01-14 00:00:00.000,"CUST708","Female",43,"Beauty",3,300,900,"35-44"
712,2023-12-06 00:00:00.000,"CUST712","Female",57,"Beauty",2,25,50,"55+"
713,2023-01-14 00:00:00.000,"CUST713","Male",34,"Beauty",3,25,75,"25-34"
715,2023-11-26 00:00:00.000,"CUST715","Female",42,"Beauty",4,25,100,"35-44"
718,2023-08-25 00:00:00.000,"CUST718","Female",59,"Beauty",3,25,75,"55+"
722,2023-07-14 00:00:00.000,"CUST722","Male",20,"Beauty",3,300,900,"18-24"
727,2023-06-22 00:00:00.000,"CUST727","Male",55,"Beauty",3,300,900,"55+"
733,2023-08-29 00:00:00.000,"CUST733","Male",34,"Beauty",1,30,30,"25-34"
739,2023-11-29 00:00:00.000,"CUST739","Male",36,"Beauty",1,25,25,"35-44"
747,2023-11-15 00:00:00.000,"CUST747","Male",23,"Beauty",1,30,30,"18-24"
749,2023-05-03 00:00:00.000,"CUST749","Male",42,"Beauty",1,30,30,"35-44"
767,2023-10-24 00:00:00.000,"CUST767","Male",39,"Beauty",3,25,75,"35-44"
768,2023-01-14 00:00:00.000,"CUST768","Female",24,"Beauty",3,25,75,"18-24"
778,2023-11-18 00:00:00.000,"CUST778","Female",47,"Beauty",4,25,100,"45-54"
788,2023-06-27 00:00:00.000,"CUST788","Female",52,"Beauty",3,300,900,"45-54"
791,2023-12-05 00:00:00.000,"CUST791","Female",51,"Beauty",1,25,25,"45-54"
793,2023-02-05 00:00:00.000,"CUST793","Male",54,"Beauty",1,30,30,"45-54"
794,2023-09-17 00:00:00.000,"CUST794","Female",60,"Beauty",1,300,300,"55+"
796,2023-06-24 00:00:00.000,"CUST796","Male",43,"Beauty",4,30,120,"35-44"
802,2023-07-05 00:00:00.000,"CUST802","Female",46,"Beauty",1,30,30,"45-54"
806,2023-03-20 00:00:00.000,"CUST806","Female",35,"Beauty",3,300,900,"35-44"
811,2023-05-19 00:00:00.000,"CUST811","Male",61,"Beauty",2,25,50,"55+"
825,2023-08-26 00:00:00.000,"CUST825","Female",46,"Beauty",1,25,25,"45-54"
827,2023-11-09 00:00:00.000,"CUST827","Male",61,"Beauty",3,300,900,"55+"
829,2023-07-14 00:00:00.000,"CUST829","Male",61,"Beauty",3,30,90,"55+"
834,2023-04-04 00:00:00.000,"CUST834","Female",56,"Beauty",2,30,60,"55+"
837,2023-07-01 00:00:00.000,"CUST837","Male",18,"Beauty",3,30,90,"18-24"
855,2023-09-01 00:00:00.000,"CUST855","Male",54,"Beauty",1,25,25,"45-54"
871,2023-08-31 00:00:00.000,"CUST871","Male",62,"Beauty",2,30,60,"55+"
872,2023-10-11 00:00:00.000,"CUST872","Female",63,"Beauty",3,25,75,"55+"
874,2023-06-26 00:00:00.000,"CUST874","Male",60,"Beauty",1,30,30,"55+"
905,2023-04-02 00:00:00.000,"CUST905","Male",58,"Beauty",1,300,300,"55+"
908,2023-12-29 00:00:00.000,"CUST908","Male",46,"Beauty",4,300,1200,"45-54"
915,2023-05-30 00:00:00.000,"CUST915","Female",26,"Beauty",3,30,90,"25-34"
919,2023-09-09 00:00:00.000,"CUST919","Female",22,"Beauty",2,25,50,"18-24"
920,2023-02-22 00:00:00.000,"CUST920","Female",28,"Beauty",3,25,75,"25-34"
923,2023-05-26 00:00:00.000,"CUST923","Male",32,"Beauty",3,300,900,"25-34"
929,2023-01-27 00:00:00.000,"CUST929","Female",23,"Beauty",3,25,75,"18-24"
931,2023-09-02 00:00:00.000,"CUST931","Male",30,"Beauty",4,30,120,"25-34"
932,2023-02-28 00:00:00.000,"CUST932","Female",45,"Beauty",4,25,100,"45-54"
933,2023-02-03 00:00:00.000,"CUST933","Male",22,"Beauty",1,30,30,"18-24"
945,2023-02-13 00:00:00.000,"CUST945","Male",30,"Beauty",1,25,25,"25-34"
947,2023-03-02 00:00:00.000,"CUST947","Male",50,"Beauty",1,300,300,"45-54"
953,2023-04-26 00:00:00.000,"CUST953","Male",45,"Beauty",3,30,90,"45-54"
967,2023-04-17 00:00:00.000,"CUST967","Male",62,"Beauty",1,25,25,"55+"
972,2023-02-11 00:00:00.000,"CUST972","Male",49,"Beauty",4,25,100,"45-54"
974,2023-05-03 00:00:00.000,"CUST974","Male",47,"Beauty",1,30,30,"45-54"
976,2023-10-10 00:00:00.000,"CUST976","Female",48,"Beauty",2,300,600,"45-54"
979,2023-01-02 00:00:00.000,"CUST979","Female",19,"Beauty",1,25,25,"18-24"
982,2023-12-19 00:00:00.000,"CUST982","Female",46,"Beauty",3,30,90,"45-54"
997,2023-11-17 00:00:00.000,"CUST997","Male",52,"Beauty",3,30,90,"45-54"
998,2023-10-29 00:00:00.000,"CUST998","Female",23,"Beauty",4,25,100,"18-24"
21,2023-01-14 00:00:00.000,"CUST021","Female",50,"Beauty",1,500,500,"45-54"
28,2023-04-23 00:00:00.000,"CUST028","Female",43,"Beauty",1,500,500,"35-44"
47,2023-11-06 00:00:00.000,"CUST047","Female",40,"Beauty",3,500,1500,"35-44"
74,2023-11-22 00:00:00.000,"CUST074","Female",18,"Beauty",4,500,2000,"18-24"
93,2023-07-14 00:00:00.000,"CUST093","Female",35,"Beauty",4,500,2000,"35-44"
94,2023-05-19 00:00:00.000,"CUST094","Female",47,"Beauty",2,500,1000,"45-54"
97,2023-10-13 00:00:00.000,"CUST097","Female",51,"Beauty",2,500,1000,"45-54"
104,2023-06-11 00:00:00.000,"CUST104","Female",34,"Beauty",2,500,1000,"25-34"
128,2023-07-05 00:00:00.000,"CUST128","Male",25,"Beauty",1,500,500,"25-34"
137,2023-11-18 00:00:00.000,"CUST137","Male",46,"Beauty",2,500,1000,"45-54"
139,2023-12-15 00:00:00.000,"CUST139","Male",36,"Beauty",4,500,2000,"35-44"
144,2023-07-15 00:00:00.000,"CUST144","Female",59,"Beauty",3,500,1500,"55+"
161,2023-03-22 00:00:00.000,"CUST161","Male",64,"Beauty",2,500,1000,"55+"
164,2023-05-15 00:00:00.000,"CUST164","Female",47,"Beauty",3,500,1500,"45-54"
169,2023-11-17 00:00:00.000,"CUST169","Male",18,"Beauty",3,500,1500,"18-24"
193,2023-02-13 00:00:00.000,"CUST193","Male",35,"Beauty",3,500,1500,"35-44"
199,2023-12-04 00:00:00.000,"CUST199","Male",45,"Beauty",3,500,1500,"45-54"
211,2024-01-01 00:00:00.000,"CUST211","Male",42,"Beauty",3,500,1500,"35-44"
213,2023-07-24 00:00:00.000,"CUST213","Male",27,"Beauty",3,500,1500,"25-34"
220,2023-03-03 00:00:00.000,"CUST220","Male",64,"Beauty",1,500,500,"55+"
237,2023-02-04 00:00:00.000,"CUST237","Female",50,"Beauty",2,500,1000,"45-54"
238,2023-01-17 00:00:00.000,"CUST238","Female",39,"Beauty",1,500,500,"35-44"
257,2023-02-19 00:00:00.000,"CUST257","Male",19,"Beauty",4,500,2000,"18-24"
281,2023-05-23 00:00:00.000,"CUST281","Female",29,"Beauty",4,500,2000,"25-34"
313,2023-03-21 00:00:00.000,"CUST313","Female",55,"Beauty",3,500,1500,"55+"
364,2023-08-23 00:00:00.000,"CUST364","Female",19,"Beauty",1,500,500,"18-24"
372,2023-02-07 00:00:00.000,"CUST372","Female",24,"Beauty",3,500,1500,"18-24"
393,2023-10-11 00:00:00.000,"CUST393","Female",22,"Beauty",2,500,1000,"18-24"
408,2023-04-15 00:00:00.000,"CUST408","Female",64,"Beauty",1,500,500,"55+"
447,2023-07-06 00:00:00.000,"CUST447","Male",22,"Beauty",4,500,2000,"18-24"
461,2023-03-25 00:00:00.000,"CUST461","Female",18,"Beauty",2,500,1000,"18-24"
463,2023-07-31 00:00:00.000,"CUST463","Female",54,"Beauty",3,500,1500,"45-54"
480,2023-06-29 00:00:00.000,"CUST480","Female",42,"Beauty",4,500,2000,"35-44"
503,2023-10-25 00:00:00.000,"CUST503","Male",45,"Beauty",4,500,2000,"45-54"
506,2023-02-25 00:00:00.000,"CUST506","Male",34,"Beauty",3,500,1500,"25-34"
522,2023-01-01 00:00:00.000,"CUST522","Male",46,"Beauty",3,500,1500,"45-54"
537,2023-06-03 00:00:00.000,"CUST537","Female",21,"Beauty",1,500,500,"18-24"
539,2023-06-08 00:00:00.000,"CUST539","Male",25,"Beauty",1,500,500,"25-34"
541,2023-07-29 00:00:00.000,"CUST541","Male",56,"Beauty",1,500,500,"55+"
577,2023-02-13 00:00:00.000,"CUST577","Male",21,"Beauty",4,500,2000,"18-24"
589,2023-04-12 00:00:00.000,"CUST589","Female",36,"Beauty",2,500,1000,"35-44"
592,2023-01-24 00:00:00.000,"CUST592","Female",46,"Beauty",4,500,2000,"45-54"
600,2023-10-22 00:00:00.000,"CUST600","Female",59,"Beauty",2,500,1000,"55+"
611,2023-02-24 00:00:00.000,"CUST611","Male",51,"Beauty",3,500,1500,"45-54"
621,2023-03-04 00:00:00.000,"CUST621","Female",40,"Beauty",2,500,1000,"35-44"
636,2023-03-23 00:00:00.000,"CUST636","Female",21,"Beauty",3,500,1500,"18-24"
660,2023-04-29 00:00:00.000,"CUST660","Female",38,"Beauty",2,500,1000,"35-44"
662,2023-12-22 00:00:00.000,"CUST662","Male",48,"Beauty",2,500,1000,"45-54"
677,2023-10-27 00:00:00.000,"CUST677","Female",19,"Beauty",3,500,1500,"18-24"
683,2023-01-04 00:00:00.000,"CUST683","Male",38,"Beauty",2,500,1000,"35-44"
693,2023-04-23 00:00:00.000,"CUST693","Male",41,"Beauty",3,500,1500,"35-44"
720,2023-01-26 00:00:00.000,"CUST720","Female",56,"Beauty",3,500,1500,"55+"
743,2023-01-16 00:00:00.000,"CUST743","Female",34,"Beauty",4,500,2000,"25-34"
760,2023-03-27 00:00:00.000,"CUST760","Male",27,"Beauty",1,500,500,"25-34"
781,2023-12-23 00:00:00.000,"CUST781","Male",35,"Beauty",1,500,500,"35-44"
805,2023-12-29 00:00:00.000,"CUST805","Female",30,"Beauty",3,500,1500,"25-34"
808,2023-04-01 00:00:00.000,"CUST808","Male",33,"Beauty",4,500,2000,"25-34"
816,2023-08-12 00:00:00.000,"CUST816","Male",47,"Beauty",2,500,1000,"45-54"
832,2023-09-11 00:00:00.000,"CUST832","Male",47,"Beauty",4,500,2000,"45-54"
843,2023-05-22 00:00:00.000,"CUST843","Male",21,"Beauty",3,500,1500,"18-24"
850,2023-07-28 00:00:00.000,"CUST850","Female",26,"Beauty",2,500,1000,"25-34"
853,2023-05-04 00:00:00.000,"CUST853","Male",21,"Beauty",2,500,1000,"18-24"
869,2023-10-25 00:00:00.000,"CUST869","Male",37,"Beauty",3,500,1500,"35-44"
880,2023-08-21 00:00:00.000,"CUST880","Male",22,"Beauty",2,500,1000,"18-24"
934,2023-07-25 00:00:00.000,"CUST934","Male",30,"Beauty",1,500,500,"25-34"
937,2023-10-23 00:00:00.000,"CUST937","Female",62,"Beauty",1,500,500,"55+"
990,2023-05-25 00:00:00.000,"CUST990","Female",58,"Beauty",2,500,1000,"55+"
994,2023-12-18 00:00:00.000,"CUST994","Female",51,"Beauty",2,500,1000,"45-54"
1,2023-11-24 00:00:00.000,"CUST001","Male",34,"Beauty",3,50,150,"25-34"
5,2023-05-06 00:00:00.000,"CUST005","Male",30,"Beauty",2,50,100,"25-34"
25,2023-12-26 00:00:00.000,"CUST025","Female",64,"Beauty",1,50,50,"55+"
38,2023-03-21 00:00:00.000,"CUST038","Male",38,"Beauty",4,50,200,"35-44"
40,2023-06-22 00:00:00.000,"CUST040","Male",45,"Beauty",1,50,50,"45-54"
60,2023-10-23 00:00:00.000,"CUST060","Male",30,"Beauty",3,50,150,"25-34"
61,2023-04-09 00:00:00.000,"CUST061","Male",21,"Beauty",4,50,200,"18-24"
62,2023-12-27 00:00:00.000,"CUST062","Male",18,"Beauty",2,50,100,"18-24"
75,2023-07-06 00:00:00.000,"CUST075","Male",61,"Beauty",4,50,200,"55+"
82,2023-12-26 00:00:00.000,"CUST082","Female",32,"Beauty",4,50,200,"25-34"
87,2023-11-22 00:00:00.000,"CUST087","Female",28,"Beauty",2,50,100,"25-34"
98,2023-04-23 00:00:00.000,"CUST098","Female",55,"Beauty",2,50,100,"55+"
120,2023-05-07 00:00:00.000,"CUST120","Male",60,"Beauty",1,50,50,"55+"
176,2023-07-11 00:00:00.000,"CUST176","Female",43,"Beauty",2,50,100,"35-44"
177,2023-03-24 00:00:00.000,"CUST177","Male",45,"Beauty",2,50,100,"45-54"
189,2023-01-30 00:00:00.000,"CUST189","Male",63,"Beauty",1,50,50,"55+"
192,2023-02-10 00:00:00.000,"CUST192","Male",62,"Beauty",2,50,100,"55+"
200,2023-09-01 00:00:00.000,"CUST200","Male",27,"Beauty",3,50,150,"25-34"
244,2023-12-09 00:00:00.000,"CUST244","Male",28,"Beauty",2,50,100,"25-34"
251,2023-08-31 00:00:00.000,"CUST251","Female",57,"Beauty",4,50,200,"55+"
273,2023-05-08 00:00:00.000,"CUST273","Female",22,"Beauty",1,50,50,"18-24"
328,2023-03-22 00:00:00.000,"CUST328","Male",39,"Beauty",2,50,100,"35-44"
330,2023-09-18 00:00:00.000,"CUST330","Female",25,"Beauty",4,50,200,"25-34"
336,2023-12-12 00:00:00.000,"CUST336","Female",52,"Beauty",3,50,150,"45-54"
338,2023-07-26 00:00:00.000,"CUST338","Male",54,"Beauty",2,50,100,"45-54"
349,2023-10-26 00:00:00.000,"CUST349","Female",57,"Beauty",1,50,50,"55+"
354,2023-04-15 00:00:00.000,"CUST354","Female",49,"Beauty",4,50,200,"45-54"
433,2023-02-27 00:00:00.000,"CUST433","Male",29,"Beauty",4,50,200,"25-34"
460,2023-05-02 00:00:00.000,"CUST460","Male",40,"Beauty",1,50,50,"35-44"
473,2023-02-25 00:00:00.000,"CUST473","Male",64,"Beauty",1,50,50,"55+"
494,2023-09-18 00:00:00.000,"CUST494","Female",42,"Beauty",4,50,200,"35-44"
504,2023-05-16 00:00:00.000,"CUST504","Female",38,"Beauty",3,50,150,"35-44"
505,2023-01-20 00:00:00.000,"CUST505","Male",24,"Beauty",1,50,50,"18-24"
510,2023-06-10 00:00:00.000,"CUST510","Female",39,"Beauty",4,50,200,"35-44"
511,2023-08-12 00:00:00.000,"CUST511","Male",45,"Beauty",2,50,100,"45-54"
542,2023-06-17 00:00:00.000,"CUST542","Female",20,"Beauty",1,50,50,"18-24"
549,2023-08-04 00:00:00.000,"CUST549","Female",50,"Beauty",2,50,100,"45-54"
554,2023-11-12 00:00:00.000,"CUST554","Female",46,"Beauty",3,50,150,"45-54"
576,2023-12-04 00:00:00.000,"CUST576","Female",33,"Beauty",3,50,150,"25-34"
584,2023-02-17 00:00:00.000,"CUST584","Female",27,"Beauty",4,50,200,"25-34"
599,2023-11-19 00:00:00.000,"CUST599","Female",28,"Beauty",2,50,100,"25-34"
618,2023-01-26 00:00:00.000,"CUST618","Female",27,"Beauty",1,50,50,"25-34"
628,2023-11-01 00:00:00.000,"CUST628","Female",19,"Beauty",4,50,200,"18-24"
639,2023-05-13 00:00:00.000,"CUST639","Female",62,"Beauty",4,50,200,"55+"
652,2023-05-01 00:00:00.000,"CUST652","Female",34,"Beauty",2,50,100,"25-34"
672,2023-08-01 00:00:00.000,"CUST672","Female",34,"Beauty",2,50,100,"25-34"
723,2023-06-17 00:00:00.000,"CUST723","Female",54,"Beauty",4,50,200,"45-54"
740,2023-02-05 00:00:00.000,"CUST740","Female",25,"Beauty",4,50,200,"25-34"
745,2023-04-13 00:00:00.000,"CUST745","Male",54,"Beauty",2,50,100,"45-54"
785,2023-03-03 00:00:00.000,"CUST785","Female",31,"Beauty",4,50,200,"25-34"
792,2023-07-09 00:00:00.000,"CUST792","Female",20,"Beauty",1,50,50,"18-24"
809,2023-09-25 00:00:00.000,"CUST809","Female",62,"Beauty",2,50,100,"55+"
817,2023-10-31 00:00:00.000,"CUST817","Male",30,"Beauty",4,50,200,"25-34"
819,2023-06-15 00:00:00.000,"CUST819","Female",35,"Beauty",2,50,100,"35-44"
822,2023-05-23 00:00:00.000,"CUST822","Female",52,"Beauty",3,50,150,"45-54"
833,2023-06-16 00:00:00.000,"CUST833","Male",42,"Beauty",4,50,200,"35-44"
846,2023-09-22 00:00:00.000,"CUST846","Male",42,"Beauty",1,50,50,"35-44"
902,2023-06-01 00:00:00.000,"CUST902","Female",54,"Beauty",1,50,50,"45-54"
903,2023-04-27 00:00:00.000,"CUST903","Female",51,"Beauty",4,50,200,"45-54"
910,2023-03-06 00:00:00.000,"CUST910","Female",20,"Beauty",3,50,150,"18-24"
912,2023-01-24 00:00:00.000,"CUST912","Male",51,"Beauty",3,50,150,"45-54"
924,2023-08-29 00:00:00.000,"CUST924","Male",55,"Beauty",2,50,100,"55+"
935,2023-09-09 00:00:00.000,"CUST935","Female",34,"Beauty",1,50,50,"25-34"
936,2023-02-07 00:00:00.000,"CUST936","Male",57,"Beauty",4,50,200,"55+"
951,2023-11-02 00:00:00.000,"CUST951","Male",33,"Beauty",2,50,100,"25-34"
961,2023-06-06 00:00:00.000,"CUST961","Male",53,"Beauty",4,50,200,"45-54"
963,2023-11-14 00:00:00.000,"CUST963","Female",55,"Beauty",1,50,50,"55+"
